short,Symbol,Accession,species,length,sequences,CDNA
hsa,hsa-miR-107,MIMAT0000104,Homo sapiens,23,AGCAGCAUUGUACAGGGCUAUCA,AGCAGCATTGTACAGGGCTATCA
hsa,hsa-miR-198,MIMAT0000228,Homo sapiens,22,GGUCCAGAGGGGAGAUAGGUUC,GGTCCAGAGGGGAGATAGGTTC
hsa,hsa-miR-147a,MIMAT0000251,Homo sapiens,20,GUGUGUGGAAAUGCUUCUGC,GTGTGTGGAAATGCTTCTGC
hsa,hsa-miR-184,MIMAT0000454,Homo sapiens,22,UGGACGGAGAACUGAUAAGGGU,TGGACGGAGAACTGATAAGGGT
hsa,hsa-miR-206,MIMAT0000462,Homo sapiens,22,UGGAAUGUAAGGAAGUGUGUGG,TGGAATGTAAGGAAGTGTGTGG
hsa,hsa-miR-326,MIMAT0000756,Homo sapiens,20,CCUCUGGGCCCUUCCUCCAG,CCTCTGGGCCCTTCCTCCAG
hsa,hsa-miR-133b,MIMAT0000770,Homo sapiens,22,UUUGGUCCCCUUCAACCAGCUA,TTTGGTCCCCTTCAACCAGCTA
hsa,hsa-miR-325,MIMAT0000771,Homo sapiens,23,CCUAGUAGGUGUCCAGUAAGUGU,CCTAGTAGGTGTCCAGTAAGTGT
hsa,hsa-miR-346,MIMAT0000773,Homo sapiens,23,UGUCUGCCCGCAUGCCUGCCUCU,TGTCTGCCCGCATGCCTGCCTCT
hsa,hsa-miR-384,MIMAT0001075,Homo sapiens,20,AUUCCUAGAAAUUGUUCAUA,ATTCCTAGAAATTGTTCATA
hsa,hsa-miR-422a,MIMAT0001339,Homo sapiens,22,ACUGGACUUAGGGUCAGAAGGC,ACTGGACTTAGGGTCAGAAGGC
hsa,hsa-miR-448,MIMAT0001532,Homo sapiens,22,UUGCAUAUGUAGGAUGUCCCAU,TTGCATATGTAGGATGTCCCAT
hsa,hsa-miR-429,MIMAT0001536,Homo sapiens,22,UAAUACUGUCUGGUAAAACCGU,TAATACTGTCTGGTAAAACCGT
hsa,hsa-miR-449a,MIMAT0001541,Homo sapiens,22,UGGCAGUGUAUUGUUAGCUGGU,TGGCAGTGTATTGTTAGCTGGT
hsa,hsa-miR-451a,MIMAT0001631,Homo sapiens,22,AAACCGUUACCAUUACUGAGUU,AAACCGTTACCATTACTGAGTT
hsa,hsa-miR-484,MIMAT0002174,Homo sapiens,22,UCAGGCUCAGUCCCCUCCCGAU,TCAGGCTCAGTCCCCTCCCGAT
hsa,hsa-miR-492,MIMAT0002812,Homo sapiens,23,AGGACCUGCGGGACAAGAUUCUU,AGGACCTGCGGGACAAGATTCTT
hsa,hsa-miR-496,MIMAT0002818,Homo sapiens,22,UGAGUAUUACAUGGCCAAUCUC,TGAGTATTACATGGCCAATCTC
hsa,hsa-miR-518b,MIMAT0002844,Homo sapiens,22,CAAAGCGCUCCCCUUUAGAGGU,CAAAGCGCTCCCCTTTAGAGGT
hsa,hsa-miR-521,MIMAT0002854,Homo sapiens,22,AACGCACUUCCCUUUAGAGUGU,AACGCACTTCCCTTTAGAGTGT
hsa,hsa-miR-520h,MIMAT0002867,Homo sapiens,22,ACAAAGUGCUUCCCUUUAGAGU,ACAAAGTGCTTCCCTTTAGAGT
hsa,hsa-miR-527,MIMAT0002862,Homo sapiens,20,CUGCAAAGGGAAGCCCUUUC,CTGCAAAGGGAAGCCCTTTC
hsa,hsa-miR-507,MIMAT0002879,Homo sapiens,21,UUUUGCACCUUUUGGAGUGAA,TTTTGCACCTTTTGGAGTGAA
hsa,hsa-miR-544a,MIMAT0003164,Homo sapiens,22,AUUCUGCAUUUUUAGCAAGUUC,ATTCTGCATTTTTAGCAAGTTC
hsa,hsa-miR-551a,MIMAT0003214,Homo sapiens,21,GCGACCCACUCUUGGUUUCCA,GCGACCCACTCTTGGTTTCCA
hsa,hsa-miR-553,MIMAT0003216,Homo sapiens,21,AAAACGGUGAGAUUUUGUUUU,AAAACGGTGAGATTTTGTTTT
hsa,hsa-miR-554,MIMAT0003217,Homo sapiens,21,GCUAGUCCUGACUCAGCCAGU,GCTAGTCCTGACTCAGCCAGT
hsa,hsa-miR-555,MIMAT0003219,Homo sapiens,21,AGGGUAAGCUGAACCUCUGAU,AGGGTAAGCTGAACCTCTGAT
hsa,hsa-miR-557,MIMAT0003221,Homo sapiens,23,GUUUGCACGGGUGGGCCUUGUCU,GTTTGCACGGGTGGGCCTTGTCT
hsa,hsa-miR-558,MIMAT0003222,Homo sapiens,19,UGAGCUGCUGUACCAAAAU,TGAGCTGCTGTACCAAAAT
hsa,hsa-miR-559,MIMAT0003223,Homo sapiens,21,UAAAGUAAAUAUGCACCAAAA,TAAAGTAAATATGCACCAAAA
hsa,hsa-miR-562,MIMAT0003226,Homo sapiens,20,AAAGUAGCUGUACCAUUUGC,AAAGTAGCTGTACCATTTGC
hsa,hsa-miR-563,MIMAT0003227,Homo sapiens,19,AGGUUGACAUACGUUUCCC,AGGTTGACATACGTTTCCC
hsa,hsa-miR-564,MIMAT0003228,Homo sapiens,19,AGGCACGGUGUCAGCAGGC,AGGCACGGTGTCAGCAGGC
hsa,hsa-miR-567,MIMAT0003231,Homo sapiens,23,AGUAUGUUCUUCCAGGACAGAAC,AGTATGTTCTTCCAGGACAGAAC
hsa,hsa-miR-568,MIMAT0003232,Homo sapiens,20,AUGUAUAAAUGUAUACACAC,ATGTATAAATGTATACACAC
hsa,hsa-miR-569,MIMAT0003234,Homo sapiens,21,AGUUAAUGAAUCCUGGAAAGU,AGTTAATGAATCCTGGAAAGT
hsa,hsa-miR-571,MIMAT0003236,Homo sapiens,21,UGAGUUGGCCAUCUGAGUGAG,TGAGTTGGCCATCTGAGTGAG
hsa,hsa-miR-572,MIMAT0003237,Homo sapiens,20,GUCCGCUCGGCGGUGGCCCA,GTCCGCTCGGCGGTGGCCCA
hsa,hsa-miR-573,MIMAT0003238,Homo sapiens,24,CUGAAGUGAUGUGUAACUGAUCAG,CTGAAGTGATGTGTAACTGATCAG
hsa,hsa-miR-575,MIMAT0003240,Homo sapiens,19,GAGCCAGUUGGACAGGAGC,GAGCCAGTTGGACAGGAGC
hsa,hsa-miR-577,MIMAT0003242,Homo sapiens,21,UAGAUAAAAUAUUGGUACCUG,TAGATAAAATATTGGTACCTG
hsa,hsa-miR-578,MIMAT0003243,Homo sapiens,21,CUUCUUGUGCUCUAGGAUUGU,CTTCTTGTGCTCTAGGATTGT
hsa,hsa-miR-581,MIMAT0003246,Homo sapiens,21,UCUUGUGUUCUCUAGAUCAGU,TCTTGTGTTCTCTAGATCAGT
hsa,hsa-miR-583,MIMAT0003248,Homo sapiens,21,CAAAGAGGAAGGUCCCAUUAC,CAAAGAGGAAGGTCCCATTAC
hsa,hsa-miR-586,MIMAT0003252,Homo sapiens,22,UAUGCAUUGUAUUUUUAGGUCC,TATGCATTGTATTTTTAGGTCC
hsa,hsa-miR-587,MIMAT0003253,Homo sapiens,21,UUUCCAUAGGUGAUGAGUCAC,TTTCCATAGGTGATGAGTCAC
hsa,hsa-miR-588,MIMAT0003255,Homo sapiens,21,UUGGCCACAAUGGGUUAGAAC,TTGGCCACAATGGGTTAGAAC
hsa,hsa-miR-591,MIMAT0003259,Homo sapiens,20,AGACCAUGGGUUCUCAUUGU,AGACCATGGGTTCTCATTGT
hsa,hsa-miR-592,MIMAT0003260,Homo sapiens,22,UUGUGUCAAUAUGCGAUGAUGU,TTGTGTCAATATGCGATGATGT
hsa,hsa-miR-595,MIMAT0003263,Homo sapiens,21,GAAGUGUGCCGUGGUGUGUCU,GAAGTGTGCCGTGGTGTGTCT
hsa,hsa-miR-596,MIMAT0003264,Homo sapiens,21,AAGCCUGCCCGGCUCCUCGGG,AAGCCTGCCCGGCTCCTCGGG
hsa,hsa-miR-599,MIMAT0003267,Homo sapiens,20,GUUGUGUCAGUUUAUCAAAC,GTTGTGTCAGTTTATCAAAC
hsa,hsa-miR-600,MIMAT0003268,Homo sapiens,23,ACUUACAGACAAGAGCCUUGCUC,ACTTACAGACAAGAGCCTTGCTC
hsa,hsa-miR-601,MIMAT0003269,Homo sapiens,22,UGGUCUAGGAUUGUUGGAGGAG,TGGTCTAGGATTGTTGGAGGAG
hsa,hsa-miR-602,MIMAT0003270,Homo sapiens,23,GACACGGGCGACAGCUGCGGCCC,GACACGGGCGACAGCTGCGGCCC
hsa,hsa-miR-603,MIMAT0003271,Homo sapiens,22,CACACACUGCAAUUACUUUUGC,CACACACTGCAATTACTTTTGC
hsa,hsa-miR-604,MIMAT0003272,Homo sapiens,19,AGGCUGCGGAAUUCAGGAC,AGGCTGCGGAATTCAGGAC
hsa,hsa-miR-606,MIMAT0003274,Homo sapiens,21,AAACUACUGAAAAUCAAAGAU,AAACTACTGAAAATCAAAGAT
hsa,hsa-miR-607,MIMAT0003275,Homo sapiens,21,GUUCAAAUCCAGAUCUAUAAC,GTTCAAATCCAGATCTATAAC
hsa,hsa-miR-608,MIMAT0003276,Homo sapiens,25,AGGGGUGGUGUUGGGACAGCUCCGU,AGGGGTGGTGTTGGGACAGCTCCGT
hsa,hsa-miR-609,MIMAT0003277,Homo sapiens,20,AGGGUGUUUCUCUCAUCUCU,AGGGTGTTTCTCTCATCTCT
hsa,hsa-miR-610,MIMAT0003278,Homo sapiens,21,UGAGCUAAAUGUGUGCUGGGA,TGAGCTAAATGTGTGCTGGGA
hsa,hsa-miR-611,MIMAT0003279,Homo sapiens,23,GCGAGGACCCCUCGGGGUCUGAC,GCGAGGACCCCTCGGGGTCTGAC
hsa,hsa-miR-612,MIMAT0003280,Homo sapiens,25,GCUGGGCAGGGCUUCUGAGCUCCUU,GCTGGGCAGGGCTTCTGAGCTCCTT
hsa,hsa-miR-613,MIMAT0003281,Homo sapiens,20,AGGAAUGUUCCUUCUUUGCC,AGGAATGTTCCTTCTTTGCC
hsa,hsa-miR-614,MIMAT0003282,Homo sapiens,23,GAACGCCUGUUCUUGCCAGGUGG,GAACGCCTGTTCTTGCCAGGTGG
hsa,hsa-miR-617,MIMAT0003286,Homo sapiens,22,AGACUUCCCAUUUGAAGGUGGC,AGACTTCCCATTTGAAGGTGGC
hsa,hsa-miR-618,MIMAT0003287,Homo sapiens,23,AAACUCUACUUGUCCUUCUGAGU,AAACTCTACTTGTCCTTCTGAGT
hsa,hsa-miR-620,MIMAT0003289,Homo sapiens,20,AUGGAGAUAGAUAUAGAAAU,ATGGAGATAGATATAGAAAT
hsa,hsa-miR-621,MIMAT0003290,Homo sapiens,21,GGCUAGCAACAGCGCUUACCU,GGCTAGCAACAGCGCTTACCT
hsa,hsa-miR-622,MIMAT0003291,Homo sapiens,21,ACAGUCUGCUGAGGUUGGAGC,ACAGTCTGCTGAGGTTGGAGC
hsa,hsa-miR-623,MIMAT0003292,Homo sapiens,23,AUCCCUUGCAGGGGCUGUUGGGU,ATCCCTTGCAGGGGCTGTTGGGT
hsa,hsa-miR-626,MIMAT0003295,Homo sapiens,19,AGCUGUCUGAAAAUGUCUU,AGCTGTCTGAAAATGTCTT
hsa,hsa-miR-630,MIMAT0003299,Homo sapiens,22,AGUAUUCUGUACCAGGGAAGGU,AGTATTCTGTACCAGGGAAGGT
hsa,hsa-miR-631,MIMAT0003300,Homo sapiens,21,AGACCUGGCCCAGACCUCAGC,AGACCTGGCCCAGACCTCAGC
hsa,hsa-miR-632,MIMAT0003302,Homo sapiens,19,GUGUCUGCUUCCUGUGGGA,GTGTCTGCTTCCTGTGGGA
hsa,hsa-miR-633,MIMAT0003303,Homo sapiens,23,CUAAUAGUAUCUACCACAAUAAA,CTAATAGTATCTACCACAATAAA
hsa,hsa-miR-634,MIMAT0003304,Homo sapiens,22,AACCAGCACCCCAACUUUGGAC,AACCAGCACCCCAACTTTGGAC
hsa,hsa-miR-635,MIMAT0003305,Homo sapiens,23,ACUUGGGCACUGAAACAAUGUCC,ACTTGGGCACTGAAACAATGTCC
hsa,hsa-miR-636,MIMAT0003306,Homo sapiens,23,UGUGCUUGCUCGUCCCGCCCGCA,TGTGCTTGCTCGTCCCGCCCGCA
hsa,hsa-miR-637,MIMAT0003307,Homo sapiens,24,ACUGGGGGCUUUCGGGCUCUGCGU,ACTGGGGGCTTTCGGGCTCTGCGT
hsa,hsa-miR-638,MIMAT0003308,Homo sapiens,25,AGGGAUCGCGGGCGGGUGGCGGCCU,AGGGATCGCGGGCGGGTGGCGGCCT
hsa,hsa-miR-639,MIMAT0003309,Homo sapiens,23,AUCGCUGCGGUUGCGAGCGCUGU,ATCGCTGCGGTTGCGAGCGCTGT
hsa,hsa-miR-640,MIMAT0003310,Homo sapiens,21,AUGAUCCAGGAACCUGCCUCU,ATGATCCAGGAACCTGCCTCT
hsa,hsa-miR-641,MIMAT0003311,Homo sapiens,24,AAAGACAUAGGAUAGAGUCACCUC,AAAGACATAGGATAGAGTCACCTC
hsa,hsa-miR-643,MIMAT0003313,Homo sapiens,22,ACUUGUAUGCUAGCUCAGGUAG,ACTTGTATGCTAGCTCAGGTAG
hsa,hsa-miR-644a,MIMAT0003314,Homo sapiens,19,AGUGUGGCUUUCUUAGAGC,AGTGTGGCTTTCTTAGAGC
hsa,hsa-miR-645,MIMAT0003315,Homo sapiens,19,UCUAGGCUGGUACUGCUGA,TCTAGGCTGGTACTGCTGA
hsa,hsa-miR-646,MIMAT0003316,Homo sapiens,19,AAGCAGCUGCCUCUGAGGC,AAGCAGCTGCCTCTGAGGC
hsa,hsa-miR-647,MIMAT0003317,Homo sapiens,21,GUGGCUGCACUCACUUCCUUC,GTGGCTGCACTCACTTCCTTC
hsa,hsa-miR-648,MIMAT0003318,Homo sapiens,19,AAGUGUGCAGGGCACUGGU,AAGTGTGCAGGGCACTGGT
hsa,hsa-miR-649,MIMAT0003319,Homo sapiens,22,AAACCUGUGUUGUUCAAGAGUC,AAACCTGTGTTGTTCAAGAGTC
hsa,hsa-miR-650,MIMAT0003320,Homo sapiens,21,AGGAGGCAGCGCUCUCAGGAC,AGGAGGCAGCGCTCTCAGGAC
hsa,hsa-miR-661,MIMAT0003324,Homo sapiens,24,UGCCUGGGUCUCUGGCCUGCGCGU,TGCCTGGGTCTCTGGCCTGCGCGT
hsa,hsa-miR-662,MIMAT0003325,Homo sapiens,21,UCCCACGUUGUGGCCCAGCAG,TCCCACGTTGTGGCCCAGCAG
hsa,hsa-miR-663a,MIMAT0003326,Homo sapiens,22,AGGCGGGGCGCCGCGGGACCGC,AGGCGGGGCGCCGCGGGACCGC
hsa,hsa-miR-657,MIMAT0003335,Homo sapiens,23,GGCAGGUUCUCACCCUCUCUAGG,GGCAGGTTCTCACCCTCTCTAGG
hsa,hsa-miR-658,MIMAT0003336,Homo sapiens,25,GGCGGAGGGAAGUAGGUCCGUUGGU,GGCGGAGGGAAGTAGGTCCGTTGGT
hsa,hsa-miR-421,MIMAT0003339,Homo sapiens,23,AUCAACAGACAUUAAUUGGGCGC,ATCAACAGACATTAATTGGGCGC
hsa,hsa-miR-1264,MIMAT0005791,Homo sapiens,23,CAAGUCUUAUUUGAGCACCUGUU,CAAGTCTTATTTGAGCACCTGTT
hsa,hsa-miR-151b,MIMAT0010214,Homo sapiens,18,UCGAGGAGCUCACAGUCU,TCGAGGAGCTCACAGTCT
hsa,hsa-miR-320b,MIMAT0005792,Homo sapiens,22,AAAAGCUGGGUUGAGAGGGCAA,AAAAGCTGGGTTGAGAGGGCAA
hsa,hsa-miR-320c,MIMAT0005793,Homo sapiens,20,AAAAGCUGGGUUGAGAGGGU,AAAAGCTGGGTTGAGAGGGT
hsa,hsa-miR-1323,MIMAT0005795,Homo sapiens,22,UCAAAACUGAGGGGCAUUUUCU,TCAAAACTGAGGGGCATTTTCT
hsa,hsa-miR-1283,MIMAT0005799,Homo sapiens,22,UCUACAAAGGAAAGCGCUUUCU,TCTACAAAGGAAAGCGCTTTCT
hsa,hsa-miR-378d,MIMAT0018926,Homo sapiens,20,ACUGGACUUGGAGUCAGAAA,ACTGGACTTGGAGTCAGAAA
hsa,hsa-miR-762,MIMAT0010313,Homo sapiens,22,GGGGCUGGGGCCGGGGCCGAGC,GGGGCTGGGGCCGGGGCCGAGC
hsa,hsa-miR-802,MIMAT0004185,Homo sapiens,23,CAGUAACAAAGAUUCAUCCUUGU,CAGTAACAAAGATTCATCCTTGT
hsa,hsa-miR-2113,MIMAT0009206,Homo sapiens,21,AUUUGUGCUUGGCUCUGUCAC,ATTTGTGCTTGGCTCTGTCAC
hsa,hsa-miR-761,MIMAT0010364,Homo sapiens,22,GCAGCAGGGUGAAACUGACACA,GCAGCAGGGTGAAACTGACACA
hsa,hsa-miR-764,MIMAT0010367,Homo sapiens,22,GCAGGUGCUCACUUGUCCUCCU,GCAGGTGCTCACTTGTCCTCCT
hsa,hsa-miR-759,MIMAT0010497,Homo sapiens,22,GCAGAGUGCAAACAAUUUUGAC,GCAGAGTGCAAACAATTTTGAC
hsa,hsa-miR-765,MIMAT0003945,Homo sapiens,21,UGGAGGAGAAGGAAGGUGAUG,TGGAGGAGAAGGAAGGTGATG
hsa,hsa-miR-298,MIMAT0004901,Homo sapiens,24,AGCAGAAGCAGGGAGGUUCUCCCA,AGCAGAAGCAGGGAGGTTCTCCCA
hsa,hsa-miR-300,MIMAT0004903,Homo sapiens,22,UAUACAAGGGCAGACUCUCUCU,TATACAAGGGCAGACTCTCTCT
hsa,hsa-miR-892a,MIMAT0004907,Homo sapiens,21,CACUGUGUCCUUUCUGCGUAG,CACTGTGTCCTTTCTGCGTAG
hsa,hsa-miR-890,MIMAT0004912,Homo sapiens,21,UACUUGGAAAGGCAUCAGUUG,TACTTGGAAAGGCATCAGTTG
hsa,hsa-miR-891b,MIMAT0004913,Homo sapiens,22,UGCAACUUACCUGAGUCAUUGA,TGCAACTTACCTGAGTCATTGA
hsa,hsa-miR-892b,MIMAT0004918,Homo sapiens,22,CACUGGCUCCUUUCUGGGUAGA,CACTGGCTCCTTTCTGGGTAGA
hsa,hsa-miR-665,MIMAT0004952,Homo sapiens,20,ACCAGGAGGCUGAGGCCCCU,ACCAGGAGGCTGAGGCCCCT
hsa,hsa-miR-543,MIMAT0004954,Homo sapiens,22,AAACAUUCGCGGUGCACUUCUU,AAACATTCGCGGTGCACTTCTT
hsa,hsa-miR-760,MIMAT0004957,Homo sapiens,20,CGGCUCUGGGUCUGUGGGGA,CGGCTCTGGGTCTGTGGGGA
hsa,hsa-miR-920,MIMAT0004970,Homo sapiens,20,GGGGAGCUGUGGAAGCAGUA,GGGGAGCTGTGGAAGCAGTA
hsa,hsa-miR-921,MIMAT0004971,Homo sapiens,25,CUAGUGAGGGACAGAACCAGGAUUC,CTAGTGAGGGACAGAACCAGGATTC
hsa,hsa-miR-922,MIMAT0004972,Homo sapiens,23,GCAGCAGAGAAUAGGACUACGUC,GCAGCAGAGAATAGGACTACGTC
hsa,hsa-miR-924,MIMAT0004974,Homo sapiens,20,AGAGUCUUGUGAUGUCUUGC,AGAGTCTTGTGATGTCTTGC
hsa,hsa-miR-933,MIMAT0004976,Homo sapiens,22,UGUGCGCAGGGAGACCUCUCCC,TGTGCGCAGGGAGACCTCTCCC
hsa,hsa-miR-934,MIMAT0004977,Homo sapiens,22,UGUCUACUACUGGAGACACUGG,TGTCTACTACTGGAGACACTGG
hsa,hsa-miR-935,MIMAT0004978,Homo sapiens,23,CCAGUUACCGCUUCCGCUACCGC,CCAGTTACCGCTTCCGCTACCGC
hsa,hsa-miR-936,MIMAT0004979,Homo sapiens,22,ACAGUAGAGGGAGGAAUCGCAG,ACAGTAGAGGGAGGAATCGCAG
hsa,hsa-miR-938,MIMAT0004981,Homo sapiens,22,UGCCCUUAAAGGUGAACCCAGU,TGCCCTTAAAGGTGAACCCAGT
hsa,hsa-miR-940,MIMAT0004983,Homo sapiens,21,AAGGCAGGGCCCCCGCUCCCC,AAGGCAGGGCCCCCGCTCCCC
hsa,hsa-miR-941,MIMAT0004984,Homo sapiens,23,CACCCGGCUGUGUGCACAUGUGC,CACCCGGCTGTGTGCACATGTGC
hsa,hsa-miR-943,MIMAT0004986,Homo sapiens,21,CUGACUGUUGCCGUCCUCCAG,CTGACTGTTGCCGTCCTCCAG
hsa,hsa-miR-944,MIMAT0004987,Homo sapiens,22,AAAUUAUUGUACAUCGGAUGAG,AAATTATTGTACATCGGATGAG
hsa,hsa-miR-297,MIMAT0004450,Homo sapiens,21,AUGUAUGUGUGCAUGUGCAUG,ATGTATGTGTGCATGTGCATG
hsa,hsa-miR-1179,MIMAT0005824,Homo sapiens,21,AAGCAUUCUUUCAUUGGUUGG,AAGCATTCTTTCATTGGTTGG
hsa,hsa-miR-1181,MIMAT0005826,Homo sapiens,21,CCGUCGCCGCCACCCGAGCCG,CCGTCGCCGCCACCCGAGCCG
hsa,hsa-miR-1182,MIMAT0005827,Homo sapiens,23,GAGGGUCUUGGGAGGGAUGUGAC,GAGGGTCTTGGGAGGGATGTGAC
hsa,hsa-miR-1183,MIMAT0005828,Homo sapiens,27,CACUGUAGGUGAUGGUGAGAGUGGGCA,CACTGTAGGTGATGGTGAGAGTGGGCA
hsa,hsa-miR-1184,MIMAT0005829,Homo sapiens,23,CCUGCAGCGACUUGAUGGCUUCC,CCTGCAGCGACTTGATGGCTTCC
hsa,hsa-miR-1231,MIMAT0005586,Homo sapiens,20,GUGUCUGGGCGGACAGCUGC,GTGTCTGGGCGGACAGCTGC
hsa,hsa-miR-1200,MIMAT0005863,Homo sapiens,22,CUCCUGAGCCAUUCUGAGCCUC,CTCCTGAGCCATTCTGAGCCTC
hsa,hsa-miR-1202,MIMAT0005865,Homo sapiens,21,GUGCCAGCUGCAGUGGGGGAG,GTGCCAGCTGCAGTGGGGGAG
hsa,hsa-miR-1203,MIMAT0005866,Homo sapiens,21,CCCGGAGCCAGGAUGCAGCUC,CCCGGAGCCAGGATGCAGCTC
hsa,hsa-miR-663b,MIMAT0005867,Homo sapiens,22,GGUGGCCCGGCCGUGCCUGAGG,GGTGGCCCGGCCGTGCCTGAGG
hsa,hsa-miR-1204,MIMAT0005868,Homo sapiens,21,UCGUGGCCUGGUCUCCAUUAU,TCGTGGCCTGGTCTCCATTAT
hsa,hsa-miR-1205,MIMAT0005869,Homo sapiens,20,UCUGCAGGGUUUGCUUUGAG,TCTGCAGGGTTTGCTTTGAG
hsa,hsa-miR-1206,MIMAT0005870,Homo sapiens,21,UGUUCAUGUAGAUGUUUAAGC,TGTTCATGTAGATGTTTAAGC
hsa,hsa-miR-1208,MIMAT0005873,Homo sapiens,20,UCACUGUUCAGACAGGCGGA,TCACTGTTCAGACAGGCGGA
hsa,hsa-miR-1286,MIMAT0005877,Homo sapiens,21,UGCAGGACCAAGAUGAGCCCU,TGCAGGACCAAGATGAGCCCT
hsa,hsa-miR-1289,MIMAT0005879,Homo sapiens,23,UGGAGUCCAGGAAUCUGCAUUUU,TGGAGTCCAGGAATCTGCATTTT
hsa,hsa-miR-1290,MIMAT0005880,Homo sapiens,19,UGGAUUUUUGGAUCAGGGA,TGGATTTTTGGATCAGGGA
hsa,hsa-miR-1291,MIMAT0005881,Homo sapiens,24,UGGCCCUGACUGAAGACCAGCAGU,TGGCCCTGACTGAAGACCAGCAGT
hsa,hsa-miR-548k,MIMAT0005882,Homo sapiens,22,AAAAGUACUUGCGGAUUUUGCU,AAAAGTACTTGCGGATTTTGCT
hsa,hsa-miR-1293,MIMAT0005883,Homo sapiens,22,UGGGUGGUCUGGAGAUUUGUGC,TGGGTGGTCTGGAGATTTGTGC
hsa,hsa-miR-1294,MIMAT0005884,Homo sapiens,22,UGUGAGGUUGGCAUUGUUGUCU,TGTGAGGTTGGCATTGTTGTCT
hsa,hsa-miR-1295a,MIMAT0005885,Homo sapiens,21,UUAGGCCGCAGAUCUGGGUGA,TTAGGCCGCAGATCTGGGTGA
hsa,hsa-miR-1297,MIMAT0005886,Homo sapiens,17,UUCAAGUAAUUCAGGUG,TTCAAGTAATTCAGGTG
hsa,hsa-miR-1299,MIMAT0005887,Homo sapiens,22,UUCUGGAAUUCUGUGUGAGGGA,TTCTGGAATTCTGTGTGAGGGA
hsa,hsa-miR-548l,MIMAT0005889,Homo sapiens,22,AAAAGUAUUUGCGGGUUUUGUC,AAAAGTATTTGCGGGTTTTGTC
hsa,hsa-miR-1302,MIMAT0005890,Homo sapiens,21,UUGGGACAUACUUAUGCUAAA,TTGGGACATACTTATGCTAAA
hsa,hsa-miR-1303,MIMAT0005891,Homo sapiens,22,UUUAGAGACGGGGUCUUGCUCU,TTTAGAGACGGGGTCTTGCTCT
hsa,hsa-miR-1305,MIMAT0005893,Homo sapiens,22,UUUUCAACUCUAAUGGGAGAGA,TTTTCAACTCTAATGGGAGAGA
hsa,hsa-miR-1243,MIMAT0005894,Homo sapiens,22,AACUGGAUCAAUUAUAGGAGUG,AACTGGATCAATTATAGGAGTG
hsa,hsa-miR-1244,MIMAT0005896,Homo sapiens,26,AAGUAGUUGGUUUGUAUGAGAUGGUU,AAGTAGTTGGTTTGTATGAGATGGTT
hsa,hsa-miR-1245a,MIMAT0005897,Homo sapiens,21,AAGUGAUCUAAAGGCCUACAU,AAGTGATCTAAAGGCCTACAT
hsa,hsa-miR-1246,MIMAT0005898,Homo sapiens,19,AAUGGAUUUUUGGAGCAGG,AATGGATTTTTGGAGCAGG
hsa,hsa-miR-1248,MIMAT0005900,Homo sapiens,27,ACCUUCUUGUAUAAGCACUGUGCUAAA,ACCTTCTTGTATAAGCACTGTGCTAAA
hsa,hsa-miR-1253,MIMAT0005904,Homo sapiens,21,AGAGAAGAAGAUCAGCCUGCA,AGAGAAGAAGATCAGCCTGCA
hsa,hsa-miR-1255a,MIMAT0005906,Homo sapiens,23,AGGAUGAGCAAAGAAAGUAGAUU,AGGATGAGCAAAGAAAGTAGATT
hsa,hsa-miR-1256,MIMAT0005907,Homo sapiens,22,AGGCAUUGACUUCUCACUAGCU,AGGCATTGACTTCTCACTAGCT
hsa,hsa-miR-1257,MIMAT0005908,Homo sapiens,21,AGUGAAUGAUGGGUUCUGACC,AGTGAATGATGGGTTCTGACC
hsa,hsa-miR-1258,MIMAT0005909,Homo sapiens,21,AGUUAGGAUUAGGUCGUGGAA,AGTTAGGATTAGGTCGTGGAA
hsa,hsa-miR-1260a,MIMAT0005911,Homo sapiens,18,AUCCCACCUCUGCCACCA,ATCCCACCTCTGCCACCA
hsa,hsa-miR-1261,MIMAT0005913,Homo sapiens,19,AUGGAUAAGGCUUUGGCUU,ATGGATAAGGCTTTGGCTT
hsa,hsa-miR-1262,MIMAT0005914,Homo sapiens,22,AUGGGUGAAUUUGUAGAAGGAU,ATGGGTGAATTTGTAGAAGGAT
hsa,hsa-miR-1263,MIMAT0005915,Homo sapiens,22,AUGGUACCCUGGCAUACUGAGU,ATGGTACCCTGGCATACTGAGT
hsa,hsa-miR-548n,MIMAT0005916,Homo sapiens,22,CAAAAGUAAUUGUGGAUUUUGU,CAAAAGTAATTGTGGATTTTGT
hsa,hsa-miR-548m,MIMAT0005917,Homo sapiens,21,CAAAGGUAUUUGUGGUUUUUG,CAAAGGTATTTGTGGTTTTTG
hsa,hsa-miR-1265,MIMAT0005918,Homo sapiens,22,CAGGAUGUGGUCAAGUGUUGUU,CAGGATGTGGTCAAGTGTTGTT
hsa,hsa-miR-1267,MIMAT0005921,Homo sapiens,21,CCUGUUGAAGUGUAAUCCCCA,CCTGTTGAAGTGTAATCCCCA
hsa,hsa-miR-1268a,MIMAT0005922,Homo sapiens,18,CGGGCGUGGUGGUGGGGG,CGGGCGTGGTGGTGGGGG
hsa,hsa-miR-1269a,MIMAT0005923,Homo sapiens,22,CUGGACUGAGCCGUGCUACUGG,CTGGACTGAGCCGTGCTACTGG
hsa,hsa-miR-1270,MIMAT0005924,Homo sapiens,23,CUGGAGAUAUGGAAGAGCUGUGU,CTGGAGATATGGAAGAGCTGTGT
hsa,hsa-miR-1272,MIMAT0005925,Homo sapiens,26,GAUGAUGAUGGCAGCAAAUUCUGAAA,GATGATGATGGCAGCAAATTCTGAAA
hsa,hsa-miR-1275,MIMAT0005929,Homo sapiens,17,GUGGGGGAGAGGCUGUC,GTGGGGGAGAGGCTGTC
hsa,hsa-miR-1276,MIMAT0005930,Homo sapiens,20,UAAAGAGCCCUGUGGAGACA,TAAAGAGCCCTGTGGAGACA
hsa,hsa-miR-302e,MIMAT0005931,Homo sapiens,17,UAAGUGCUUCCAUGCUU,TAAGTGCTTCCATGCTT
hsa,hsa-miR-302f,MIMAT0005932,Homo sapiens,17,UAAUUGCUUCCAUGUUU,TAATTGCTTCCATGTTT
hsa,hsa-miR-548p,MIMAT0005934,Homo sapiens,22,UAGCAAAAACUGCAGUUACUUU,TAGCAAAAACTGCAGTTACTTT
hsa,hsa-miR-548i,MIMAT0005935,Homo sapiens,22,AAAAGUAAUUGCGGAUUUUGCC,AAAAGTAATTGCGGATTTTGCC
hsa,hsa-miR-1278,MIMAT0005936,Homo sapiens,22,UAGUACUGUGCAUAUCAUCUAU,TAGTACTGTGCATATCATCTAT
hsa,hsa-miR-1279,MIMAT0005937,Homo sapiens,17,UCAUAUUGCUUCUUUCU,TCATATTGCTTCTTTCT
hsa,hsa-miR-1281,MIMAT0005939,Homo sapiens,17,UCGCCUCCUCCUCUCCC,TCGCCTCCTCCTCTCCC
hsa,hsa-miR-1282,MIMAT0005940,Homo sapiens,20,UCGUUUGCCUUUUUCUGCUU,TCGTTTGCCTTTTTCTGCTT
hsa,hsa-miR-1284,MIMAT0005941,Homo sapiens,22,UCUAUACAGACCCUGGCUUUUC,TCTATACAGACCCTGGCTTTTC
hsa,hsa-miR-1321,MIMAT0005952,Homo sapiens,18,CAGGGAGGUGAAUGUGAU,CAGGGAGGTGAATGTGAT
hsa,hsa-miR-1322,MIMAT0005953,Homo sapiens,19,GAUGAUGCUGCUGAUGCUG,GATGATGCTGCTGATGCTG
hsa,hsa-miR-1197,MIMAT0005955,Homo sapiens,21,UAGGACACAUGGUCUACUUCU,TAGGACACATGGTCTACTTCT
hsa,hsa-miR-1324,MIMAT0005956,Homo sapiens,24,CCAGACAGAAUUCUAUGCACUUUC,CCAGACAGAATTCTATGCACTTTC
hsa,hsa-miR-1469,MIMAT0007347,Homo sapiens,22,CUCGGCGCGGGGCGCGGGCUCC,CTCGGCGCGGGGCGCGGGCTCC
hsa,hsa-miR-1470,MIMAT0007348,Homo sapiens,21,GCCCUCCGCCCGUGCACCCCG,GCCCTCCGCCCGTGCACCCCG
hsa,hsa-miR-1471,MIMAT0007349,Homo sapiens,22,GCCCGCGUGUGGAGCCAGGUGU,GCCCGCGTGTGGAGCCAGGTGT
hsa,hsa-miR-1538,MIMAT0007400,Homo sapiens,23,CGGCCCGGGCUGCUGCUGUUCCU,CGGCCCGGGCTGCTGCTGTTCCT
hsa,hsa-miR-1539,MIMAT0007401,Homo sapiens,21,UCCUGCGCGUCCCAGAUGCCC,TCCTGCGCGTCCCAGATGCCC
hsa,hsa-miR-103b,MIMAT0007402,Homo sapiens,23,UCAUAGCCCUGUACAAUGCUGCU,TCATAGCCCTGTACAATGCTGCT
hsa,hsa-miR-320d,MIMAT0006764,Homo sapiens,19,AAAAGCUGGGUUGAGAGGA,AAAAGCTGGGTTGAGAGGA
hsa,hsa-miR-1825,MIMAT0006765,Homo sapiens,18,UCCAGUGCCCUCCUCUCC,TCCAGTGCCCTCCTCTCC
hsa,hsa-miR-1827,MIMAT0006767,Homo sapiens,18,UGAGGCAGUAGAUUGAAU,TGAGGCAGTAGATTGAAT
hsa,hsa-miR-1913,MIMAT0007888,Homo sapiens,22,UCUGCCCCCUCCGCUGCUGCCA,TCTGCCCCCTCCGCTGCTGCCA
hsa,hsa-miR-1972,MIMAT0009447,Homo sapiens,22,UCAGGCCAGGCACAGUGGCUCA,TCAGGCCAGGCACAGTGGCTCA
hsa,hsa-miR-1973,MIMAT0009448,Homo sapiens,19,ACCGUGCAAAGGUAGCAUA,ACCGTGCAAAGGTAGCATA
hsa,hsa-miR-1976,MIMAT0009451,Homo sapiens,20,CCUCCUGCCCUCCUUGCUGU,CCTCCTGCCCTCCTTGCTGT
hsa,hsa-miR-2052,MIMAT0009977,Homo sapiens,20,UGUUUUGAUAACAGUAAUGU,TGTTTTGATAACAGTAATGT
hsa,hsa-miR-2053,MIMAT0009978,Homo sapiens,23,GUGUUAAUUAAACCUCUAUUUAC,GTGTTAATTAAACCTCTATTTAC
hsa,hsa-miR-2054,MIMAT0009979,Homo sapiens,23,CUGUAAUAUAAAUUUAAUUUAUU,CTGTAATATAAATTTAATTTATT
hsa,hsa-miR-2110,MIMAT0010133,Homo sapiens,22,UUGGGGAAACGGCCGCUGAGUG,TTGGGGAAACGGCCGCTGAGTG
hsa,hsa-miR-2117,MIMAT0011162,Homo sapiens,21,UGUUCUCUUUGCCAAGGACAG,TGTTCTCTTTGCCAAGGACAG
hsa,hsa-miR-548q,MIMAT0011163,Homo sapiens,22,GCUGGUGCAAAAGUAAUGGCGG,GCTGGTGCAAAAGTAATGGCGG
hsa,hsa-miR-2278,MIMAT0011778,Homo sapiens,22,GAGAGCAGUGUGUGUUGCCUGG,GAGAGCAGTGTGTGTTGCCTGG
hsa,hsa-miR-711,MIMAT0012734,Homo sapiens,22,GGGACCCAGGGAGAGACGUAAG,GGGACCCAGGGAGAGACGTAAG
hsa,hsa-miR-718,MIMAT0012735,Homo sapiens,21,CUUCCGCCCCGCCGGGCGUCG,CTTCCGCCCCGCCGGGCGTCG
hsa,hsa-miR-2861,MIMAT0013802,Homo sapiens,19,GGGGCCUGGCGGUGGGCGG,GGGGCCTGGCGGTGGGCGG
hsa,hsa-miR-2909,MIMAT0013863,Homo sapiens,21,GUUAGGGCCAACAUCUCUUGG,GTTAGGGCCAACATCTCTTGG
hsa,hsa-miR-3115,MIMAT0014977,Homo sapiens,20,AUAUGGGUUUACUAGUUGGU,ATATGGGTTTACTAGTTGGT
hsa,hsa-miR-3116,MIMAT0014978,Homo sapiens,22,UGCCUGGAACAUAGUAGGGACU,TGCCTGGAACATAGTAGGGACT
hsa,hsa-miR-3118,MIMAT0014980,Homo sapiens,23,UGUGACUGCAUUAUGAAAAUUCU,TGTGACTGCATTATGAAAATTCT
hsa,hsa-miR-3119,MIMAT0014981,Homo sapiens,20,UGGCUUUUAACUUUGAUGGC,TGGCTTTTAACTTTGATGGC
hsa,hsa-miR-3122,MIMAT0014984,Homo sapiens,22,GUUGGGACAAGAGGACGGUCUU,GTTGGGACAAGAGGACGGTCTT
hsa,hsa-miR-3123,MIMAT0014985,Homo sapiens,17,CAGAGAAUUGUUUAAUC,CAGAGAATTGTTTAATC
hsa,hsa-miR-548s,MIMAT0014987,Homo sapiens,23,AUGGCCAAAACUGCAGUUAUUUU,ATGGCCAAAACTGCAGTTATTTT
hsa,hsa-miR-3125,MIMAT0014988,Homo sapiens,20,UAGAGGAAGCUGUGGAGAGA,TAGAGGAAGCTGTGGAGAGA
hsa,hsa-miR-3128,MIMAT0014991,Homo sapiens,23,UCUGGCAAGUAAAAAACUCUCAU,TCTGGCAAGTAAAAAACTCTCAT
hsa,hsa-miR-3131,MIMAT0014996,Homo sapiens,23,UCGAGGACUGGUGGAAGGGCCUU,TCGAGGACTGGTGGAAGGGCCTT
hsa,hsa-miR-3132,MIMAT0014997,Homo sapiens,24,UGGGUAGAGAAGGAGCUCAGAGGA,TGGGTAGAGAAGGAGCTCAGAGGA
hsa,hsa-miR-3133,MIMAT0014998,Homo sapiens,22,UAAAGAACUCUUAAAACCCAAU,TAAAGAACTCTTAAAACCCAAT
hsa,hsa-miR-378b,MIMAT0014999,Homo sapiens,19,ACUGGACUUGGAGGCAGAA,ACTGGACTTGGAGGCAGAA
hsa,hsa-miR-3134,MIMAT0015000,Homo sapiens,23,UGAUGGAUAAAAGACUACAUAUU,TGATGGATAAAAGACTACATATT
hsa,hsa-miR-3135a,MIMAT0015001,Homo sapiens,22,UGCCUAGGCUGAGACUGCAGUG,TGCCTAGGCTGAGACTGCAGTG
hsa,hsa-miR-466,MIMAT0015002,Homo sapiens,23,AUACACAUACACGCAACACACAU,ATACACATACACGCAACACACAT
hsa,hsa-miR-544b,MIMAT0015004,Homo sapiens,22,ACCUGAGGUUGUGCAUUUCUAA,ACCTGAGGTTGTGCATTTCTAA
hsa,hsa-miR-3137,MIMAT0015005,Homo sapiens,24,UCUGUAGCCUGGGAGCAAUGGGGU,TCTGTAGCCTGGGAGCAATGGGGT
hsa,hsa-miR-3138,MIMAT0015006,Homo sapiens,24,UGUGGACAGUGAGGUAGAGGGAGU,TGTGGACAGTGAGGTAGAGGGAGT
hsa,hsa-miR-3139,MIMAT0015007,Homo sapiens,23,UAGGAGCUCAACAGAUGCCUGUU,TAGGAGCTCAACAGATGCCTGTT
hsa,hsa-miR-3141,MIMAT0015010,Homo sapiens,19,GAGGGCGGGUGGAGGAGGA,GAGGGCGGGTGGAGGAGGA
hsa,hsa-miR-3142,MIMAT0015011,Homo sapiens,22,AAGGCCUUUCUGAACCUUCAGA,AAGGCCTTTCTGAACCTTCAGA
hsa,hsa-miR-3143,MIMAT0015012,Homo sapiens,25,AUAACAUUGUAAAGCGCUUCUUUCG,ATAACATTGTAAAGCGCTTCTTTCG
hsa,hsa-miR-548u,MIMAT0015013,Homo sapiens,23,CAAAGACUGCAAUUACUUUUGCG,CAAAGACTGCAATTACTTTTGCG
hsa,hsa-miR-1273c,MIMAT0015017,Homo sapiens,22,GGCGACAAAACGAGACCCUGUC,GGCGACAAAACGAGACCCTGTC
hsa,hsa-miR-3146,MIMAT0015018,Homo sapiens,22,CAUGCUAGGAUAGAAAGAAUGG,CATGCTAGGATAGAAAGAATGG
hsa,hsa-miR-3147,MIMAT0015019,Homo sapiens,24,GGUUGGGCAGUGAGGAGGGUGUGA,GGTTGGGCAGTGAGGAGGGTGTGA
hsa,hsa-miR-548v,MIMAT0015020,Homo sapiens,22,AGCUACAGUUACUUUUGCACCA,AGCTACAGTTACTTTTGCACCA
hsa,hsa-miR-3148,MIMAT0015021,Homo sapiens,22,UGGAAAAAACUGGUGUGUGCUU,TGGAAAAAACTGGTGTGTGCTT
hsa,hsa-miR-3149,MIMAT0015022,Homo sapiens,23,UUUGUAUGGAUAUGUGUGUGUAU,TTTGTATGGATATGTGTGTGTAT
hsa,hsa-miR-3153,MIMAT0015026,Homo sapiens,23,GGGGAAAGCGAGUAGGGACAUUU,GGGGAAAGCGAGTAGGGACATTT
hsa,hsa-miR-3154,MIMAT0015028,Homo sapiens,22,CAGAAGGGGAGUUGGGAGCAGA,CAGAAGGGGAGTTGGGAGCAGA
hsa,hsa-miR-3155a,MIMAT0015029,Homo sapiens,21,CCAGGCUCUGCAGUGGGAACU,CCAGGCTCTGCAGTGGGAACT
hsa,hsa-miR-3159,MIMAT0015033,Homo sapiens,22,UAGGAUUACAAGUGUCGGCCAC,TAGGATTACAAGTGTCGGCCAC
hsa,hsa-miR-3161,MIMAT0015035,Homo sapiens,23,CUGAUAAGAACAGAGGCCCAGAU,CTGATAAGAACAGAGGCCCAGAT
hsa,hsa-miR-3163,MIMAT0015037,Homo sapiens,22,UAUAAAAUGAGGGCAGUAAGAC,TATAAAATGAGGGCAGTAAGAC
hsa,hsa-miR-3164,MIMAT0015038,Homo sapiens,22,UGUGACUUUAAGGGAAAUGGCG,TGTGACTTTAAGGGAAATGGCG
hsa,hsa-miR-3165,MIMAT0015039,Homo sapiens,22,AGGUGGAUGCAAUGUGACCUCA,AGGTGGATGCAATGTGACCTCA
hsa,hsa-miR-3166,MIMAT0015040,Homo sapiens,23,CGCAGACAAUGCCUACUGGCCUA,CGCAGACAATGCCTACTGGCCTA
hsa,hsa-miR-1260b,MIMAT0015041,Homo sapiens,19,AUCCCACCACUGCCACCAU,ATCCCACCACTGCCACCAT
hsa,hsa-miR-3167,MIMAT0015042,Homo sapiens,22,AGGAUUUCAGAAAUACUGGUGU,AGGATTTCAGAAATACTGGTGT
hsa,hsa-miR-3168,MIMAT0015043,Homo sapiens,17,GAGUUCUACAGUCAGAC,GAGTTCTACAGTCAGAC
hsa,hsa-miR-3169,MIMAT0015044,Homo sapiens,22,UAGGACUGUGCUUGGCACAUAG,TAGGACTGTGCTTGGCACATAG
hsa,hsa-miR-3170,MIMAT0015045,Homo sapiens,22,CUGGGGUUCUGAGACAGACAGU,CTGGGGTTCTGAGACAGACAGT
hsa,hsa-miR-3171,MIMAT0015046,Homo sapiens,24,AGAUGUAUGGAAUCUGUAUAUAUC,AGATGTATGGAATCTGTATATATC
hsa,hsa-miR-1193,MIMAT0015049,Homo sapiens,23,GGGAUGGUAGACCGGUGACGUGC,GGGATGGTAGACCGGTGACGTGC
hsa,hsa-miR-3174,MIMAT0015051,Homo sapiens,23,UAGUGAGUUAGAGAUGCAGAGCC,TAGTGAGTTAGAGATGCAGAGCC
hsa,hsa-miR-3175,MIMAT0015052,Homo sapiens,22,CGGGGAGAGAACGCAGUGACGU,CGGGGAGAGAACGCAGTGACGT
hsa,hsa-miR-3176,MIMAT0015053,Homo sapiens,19,ACUGGCCUGGGACUACCGG,ACTGGCCTGGGACTACCGG
hsa,hsa-miR-3178,MIMAT0015055,Homo sapiens,17,GGGGCGCGGCCGGAUCG,GGGGCGCGGCCGGATCG
hsa,hsa-miR-3179,MIMAT0015056,Homo sapiens,22,AGAAGGGGUGAAAUUUAAACGU,AGAAGGGGTGAAATTTAAACGT
hsa,hsa-miR-548w,MIMAT0015060,Homo sapiens,23,AAAAGUAACUGCGGUUUUUGCCU,AAAAGTAACTGCGGTTTTTGCCT
hsa,hsa-miR-3181,MIMAT0015061,Homo sapiens,19,AUCGGGCCCUCGGCGCCGG,ATCGGGCCCTCGGCGCCGG
hsa,hsa-miR-3182,MIMAT0015062,Homo sapiens,17,GCUUCUGUAGUGUAGUC,GCTTCTGTAGTGTAGTC
hsa,hsa-miR-3183,MIMAT0015063,Homo sapiens,22,GCCUCUCUCGGAGUCGCUCGGA,GCCTCTCTCGGAGTCGCTCGGA
hsa,hsa-miR-3185,MIMAT0015065,Homo sapiens,23,AGAAGAAGGCGGUCGGUCUGCGG,AGAAGAAGGCGGTCGGTCTGCGG
hsa,hsa-miR-3188,MIMAT0015070,Homo sapiens,23,AGAGGCUUUGUGCGGAUACGGGG,AGAGGCTTTGTGCGGATACGGGG
hsa,hsa-miR-320e,MIMAT0015072,Homo sapiens,18,AAAGCUGGGUUGAGAAGG,AAAGCTGGGTTGAGAAGG
hsa,hsa-miR-3193,MIMAT0015077,Homo sapiens,22,UCCUGCGUAGGAUCUGAGGAGU,TCCTGCGTAGGATCTGAGGAGT
hsa,hsa-miR-3195,MIMAT0015079,Homo sapiens,17,CGCGCCGGGCCCGGGUU,CGCGCCGGGCCCGGGTT
hsa,hsa-miR-3196,MIMAT0015080,Homo sapiens,18,CGGGGCGGCAGGGGCCUC,CGGGGCGGCAGGGGCCTC
hsa,hsa-miR-3197,MIMAT0015082,Homo sapiens,23,GGAGGCGCAGGCUCGGAAAGGCG,GGAGGCGCAGGCTCGGAAAGGCG
hsa,hsa-miR-3198,MIMAT0015083,Homo sapiens,22,GUGGAGUCCUGGGGAAUGGAGA,GTGGAGTCCTGGGGAATGGAGA
hsa,hsa-miR-3199,MIMAT0015084,Homo sapiens,23,AGGGACUGCCUUAGGAGAAAGUU,AGGGACTGCCTTAGGAGAAAGTT
hsa,hsa-miR-3201,MIMAT0015086,Homo sapiens,17,GGGAUAUGAAGAAAAAU,GGGATATGAAGAAAAAT
hsa,hsa-miR-3202,MIMAT0015089,Homo sapiens,22,UGGAAGGGAGAAGAGCUUUAAU,TGGAAGGGAGAAGAGCTTTAAT
hsa,hsa-miR-4295,MIMAT0016844,Homo sapiens,18,CAGUGCAAUGUUUUCCUU,CAGTGCAATGTTTTCCTT
hsa,hsa-miR-4296,MIMAT0016845,Homo sapiens,17,AUGUGGGCUCAGGCUCA,ATGTGGGCTCAGGCTCA
hsa,hsa-miR-4297,MIMAT0016846,Homo sapiens,16,UGCCUUCCUGUCUGUG,TGCCTTCCTGTCTGTG
hsa,hsa-miR-378c,MIMAT0016847,Homo sapiens,25,ACUGGACUUGGAGUCAGAAGAGUGG,ACTGGACTTGGAGTCAGAAGAGTGG
hsa,hsa-miR-4293,MIMAT0016848,Homo sapiens,17,CAGCCUGACAGGAACAG,CAGCCTGACAGGAACAG
hsa,hsa-miR-4294,MIMAT0016849,Homo sapiens,17,GGGAGUCUACAGCAGGG,GGGAGTCTACAGCAGGG
hsa,hsa-miR-4301,MIMAT0016850,Homo sapiens,20,UCCCACUACUUCACUUGUGA,TCCCACTACTTCACTTGTGA
hsa,hsa-miR-4299,MIMAT0016851,Homo sapiens,18,GCUGGUGACAUGAGAGGC,GCTGGTGACATGAGAGGC
hsa,hsa-miR-4298,MIMAT0016852,Homo sapiens,22,CUGGGACAGGAGGAGGAGGCAG,CTGGGACAGGAGGAGGAGGCAG
hsa,hsa-miR-4300,MIMAT0016853,Homo sapiens,18,UGGGAGCUGGACUACUUC,TGGGAGCTGGACTACTTC
hsa,hsa-miR-4304,MIMAT0016854,Homo sapiens,17,CCGGCAUGUCCAGGGCA,CCGGCATGTCCAGGGCA
hsa,hsa-miR-4302,MIMAT0016855,Homo sapiens,18,CCAGUGUGGCUCAGCGAG,CCAGTGTGGCTCAGCGAG
hsa,hsa-miR-4303,MIMAT0016856,Homo sapiens,17,UUCUGAGCUGAGGACAG,TTCTGAGCTGAGGACAG
hsa,hsa-miR-4305,MIMAT0016857,Homo sapiens,18,CCUAGACACCUCCAGUUC,CCTAGACACCTCCAGTTC
hsa,hsa-miR-4306,MIMAT0016858,Homo sapiens,17,UGGAGAGAAAGGCAGUA,TGGAGAGAAAGGCAGTA
hsa,hsa-miR-4309,MIMAT0016859,Homo sapiens,18,CUGGAGUCUAGGAUUCCA,CTGGAGTCTAGGATTCCA
hsa,hsa-miR-4307,MIMAT0016860,Homo sapiens,19,AAUGUUUUUUCCUGUUUCC,AATGTTTTTTCCTGTTTCC
hsa,hsa-miR-4308,MIMAT0016861,Homo sapiens,18,UCCCUGGAGUUUCUUCUU,TCCCTGGAGTTTCTTCTT
hsa,hsa-miR-4310,MIMAT0016862,Homo sapiens,16,GCAGCAUUCAUGUCCC,GCAGCATTCATGTCCC
hsa,hsa-miR-4311,MIMAT0016863,Homo sapiens,18,GAAAGAGAGCUGAGUGUG,GAAAGAGAGCTGAGTGTG
hsa,hsa-miR-4312,MIMAT0016864,Homo sapiens,19,GGCCUUGUUCCUGUCCCCA,GGCCTTGTTCCTGTCCCCA
hsa,hsa-miR-4313,MIMAT0016865,Homo sapiens,20,AGCCCCCUGGCCCCAAACCC,AGCCCCCTGGCCCCAAACCC
hsa,hsa-miR-4315,MIMAT0016866,Homo sapiens,18,CCGCUUUCUGAGCUGGAC,CCGCTTTCTGAGCTGGAC
hsa,hsa-miR-4316,MIMAT0016867,Homo sapiens,17,GGUGAGGCUAGCUGGUG,GGTGAGGCTAGCTGGTG
hsa,hsa-miR-4314,MIMAT0016868,Homo sapiens,18,CUCUGGGAAAUGGGACAG,CTCTGGGAAATGGGACAG
hsa,hsa-miR-4318,MIMAT0016869,Homo sapiens,17,CACUGUGGGUACAUGCU,CACTGTGGGTACATGCT
hsa,hsa-miR-4319,MIMAT0016870,Homo sapiens,17,UCCCUGAGCAAAGCCAC,TCCCTGAGCAAAGCCAC
hsa,hsa-miR-4320,MIMAT0016871,Homo sapiens,18,GGGAUUCUGUAGCUUCCU,GGGATTCTGTAGCTTCCT
hsa,hsa-miR-4317,MIMAT0016872,Homo sapiens,17,ACAUUGCCAGGGAGUUU,ACATTGCCAGGGAGTTT
hsa,hsa-miR-4322,MIMAT0016873,Homo sapiens,21,CUGUGGGCUCAGCGCGUGGGG,CTGTGGGCTCAGCGCGTGGGG
hsa,hsa-miR-4321,MIMAT0016874,Homo sapiens,21,UUAGCGGUGGACCGCCCUGCG,TTAGCGGTGGACCGCCCTGCG
hsa,hsa-miR-4323,MIMAT0016875,Homo sapiens,18,CAGCCCCACAGCCUCAGA,CAGCCCCACAGCCTCAGA
hsa,hsa-miR-4324,MIMAT0016876,Homo sapiens,20,CCCUGAGACCCUAACCUUAA,CCCTGAGACCCTAACCTTAA
hsa,hsa-miR-4256,MIMAT0016877,Homo sapiens,18,AUCUGACCUGAUGAAGGU,ATCTGACCTGATGAAGGT
hsa,hsa-miR-4257,MIMAT0016878,Homo sapiens,18,CCAGAGGUGGGGACUGAG,CCAGAGGTGGGGACTGAG
hsa,hsa-miR-4258,MIMAT0016879,Homo sapiens,17,CCCCGCCACCGCCUUGG,CCCCGCCACCGCCTTGG
hsa,hsa-miR-4259,MIMAT0016880,Homo sapiens,22,CAGUUGGGUCUAGGGGUCAGGA,CAGTTGGGTCTAGGGGTCAGGA
hsa,hsa-miR-4260,MIMAT0016881,Homo sapiens,19,CUUGGGGCAUGGAGUCCCA,CTTGGGGCATGGAGTCCCA
hsa,hsa-miR-4253,MIMAT0016882,Homo sapiens,18,AGGGCAUGUCCAGGGGGU,AGGGCATGTCCAGGGGGT
hsa,hsa-miR-4251,MIMAT0016883,Homo sapiens,17,CCUGAGAAAAGGGCCAA,CCTGAGAAAAGGGCCAA
hsa,hsa-miR-4254,MIMAT0016884,Homo sapiens,23,GCCUGGAGCUACUCCACCAUCUC,GCCTGGAGCTACTCCACCATCTC
hsa,hsa-miR-4255,MIMAT0016885,Homo sapiens,17,CAGUGUUCAGAGAUGGA,CAGTGTTCAGAGATGGA
hsa,hsa-miR-4252,MIMAT0016886,Homo sapiens,19,GGCCACUGAGUCAGCACCA,GGCCACTGAGTCAGCACCA
hsa,hsa-miR-4325,MIMAT0016887,Homo sapiens,18,UUGCACUUGUCUCAGUGA,TTGCACTTGTCTCAGTGA
hsa,hsa-miR-4326,MIMAT0016888,Homo sapiens,20,UGUUCCUCUGUCUCCCAGAC,TGTTCCTCTGTCTCCCAGAC
hsa,hsa-miR-4327,MIMAT0016889,Homo sapiens,19,GGCUUGCAUGGGGGACUGG,GGCTTGCATGGGGGACTGG
hsa,hsa-miR-4261,MIMAT0016890,Homo sapiens,16,AGGAAACAGGGACCCA,AGGAAACAGGGACCCA
hsa,hsa-miR-4265,MIMAT0016891,Homo sapiens,19,CUGUGGGCUCAGCUCUGGG,CTGTGGGCTCAGCTCTGGG
hsa,hsa-miR-4266,MIMAT0016892,Homo sapiens,16,CUAGGAGGCCUUGGCC,CTAGGAGGCCTTGGCC
hsa,hsa-miR-4267,MIMAT0016893,Homo sapiens,16,UCCAGCUCGGUGGCAC,TCCAGCTCGGTGGCAC
hsa,hsa-miR-4262,MIMAT0016894,Homo sapiens,17,GACAUUCAGACUACCUG,GACATTCAGACTACCTG
hsa,hsa-miR-4268,MIMAT0016896,Homo sapiens,21,GGCUCCUCCUCUCAGGAUGUG,GGCTCCTCCTCTCAGGATGTG
hsa,hsa-miR-4269,MIMAT0016897,Homo sapiens,21,GCAGGCACAGACAGCCCUGGC,GCAGGCACAGACAGCCCTGGC
hsa,hsa-miR-4263,MIMAT0016898,Homo sapiens,18,AUUCUAAGUGCCUUGGCC,ATTCTAAGTGCCTTGGCC
hsa,hsa-miR-4264,MIMAT0016899,Homo sapiens,17,ACUCAGUCAUGGUCAUU,ACTCAGTCATGGTCATT
hsa,hsa-miR-4270,MIMAT0016900,Homo sapiens,20,UCAGGGAGUCAGGGGAGGGC,TCAGGGAGTCAGGGGAGGGC
hsa,hsa-miR-4271,MIMAT0016901,Homo sapiens,19,GGGGGAAGAAAAGGUGGGG,GGGGGAAGAAAAGGTGGGG
hsa,hsa-miR-4272,MIMAT0016902,Homo sapiens,18,CAUUCAACUAGUGAUUGU,CATTCAACTAGTGATTGT
hsa,hsa-miR-4273,MIMAT0016903,Homo sapiens,18,GUGUUCUCUGAUGGACAG,GTGTTCTCTGATGGACAG
hsa,hsa-miR-4276,MIMAT0016904,Homo sapiens,17,CUCAGUGACUCAUGUGC,CTCAGTGACTCATGTGC
hsa,hsa-miR-4275,MIMAT0016905,Homo sapiens,17,CCAAUUACCACUUCUUU,CCAATTACCACTTCTTT
hsa,hsa-miR-4274,MIMAT0016906,Homo sapiens,18,CAGCAGUCCCUCCCCCUG,CAGCAGTCCCTCCCCCTG
hsa,hsa-miR-4281,MIMAT0016907,Homo sapiens,18,GGGUCCCGGGGAGGGGGG,GGGTCCCGGGGAGGGGGG
hsa,hsa-miR-4277,MIMAT0016908,Homo sapiens,21,GCAGUUCUGAGCACAGUACAC,GCAGTTCTGAGCACAGTACAC
hsa,hsa-miR-4279,MIMAT0016909,Homo sapiens,16,CUCUCCUCCCGGCUUC,CTCTCCTCCCGGCTTC
hsa,hsa-miR-4278,MIMAT0016910,Homo sapiens,18,CUAGGGGGUUUGCCCUUG,CTAGGGGGTTTGCCCTTG
hsa,hsa-miR-4280,MIMAT0016911,Homo sapiens,21,GAGUGUAGUUCUGAGCAGAGC,GAGTGTAGTTCTGAGCAGAGC
hsa,hsa-miR-4282,MIMAT0016912,Homo sapiens,18,UAAAAUUUGCAUCCAGGA,TAAAATTTGCATCCAGGA
hsa,hsa-miR-4285,MIMAT0016913,Homo sapiens,18,GCGGCGAGUCCGACUCAU,GCGGCGAGTCCGACTCAT
hsa,hsa-miR-4283,MIMAT0016914,Homo sapiens,17,UGGGGCUCAGCGAGUUU,TGGGGCTCAGCGAGTTT
hsa,hsa-miR-4284,MIMAT0016915,Homo sapiens,18,GGGCUCACAUCACCCCAU,GGGCTCACATCACCCCAT
hsa,hsa-miR-4286,MIMAT0016916,Homo sapiens,17,ACCCCACUCCUGGUACC,ACCCCACTCCTGGTACC
hsa,hsa-miR-4287,MIMAT0016917,Homo sapiens,19,UCUCCCUUGAGGGCACUUU,TCTCCCTTGAGGGCACTTT
hsa,hsa-miR-4288,MIMAT0016918,Homo sapiens,17,UUGUCUGCUGAGUUUCC,TTGTCTGCTGAGTTTCC
hsa,hsa-miR-4292,MIMAT0016919,Homo sapiens,18,CCCCUGGGCCGGCCUUGG,CCCCTGGGCCGGCCTTGG
hsa,hsa-miR-4289,MIMAT0016920,Homo sapiens,19,GCAUUGUGCAGGGCUAUCA,GCATTGTGCAGGGCTATCA
hsa,hsa-miR-4290,MIMAT0016921,Homo sapiens,19,UGCCCUCCUUUCUUCCCUC,TGCCCTCCTTTCTTCCCTC
hsa,hsa-miR-4291,MIMAT0016922,Homo sapiens,16,UUCAGCAGGAACAGCU,TTCAGCAGGAACAGCT
hsa,hsa-miR-4329,MIMAT0016923,Homo sapiens,19,CCUGAGACCCUAGUUCCAC,CCTGAGACCCTAGTTCCAC
hsa,hsa-miR-4330,MIMAT0016924,Homo sapiens,19,CCUCAGAUCAGAGCCUUGC,CCTCAGATCAGAGCCTTGC
hsa,hsa-miR-4328,MIMAT0016926,Homo sapiens,17,CCAGUUUUCCCAGGAUU,CCAGTTTTCCCAGGATT
hsa,hsa-miR-3609,MIMAT0017986,Homo sapiens,24,CAAAGUGAUGAGUAAUACUGGCUG,CAAAGTGATGAGTAATACTGGCTG
hsa,hsa-miR-3610,MIMAT0017987,Homo sapiens,20,GAAUCGGAAAGGAGGCGCCG,GAATCGGAAAGGAGGCGCCG
hsa,hsa-miR-3611,MIMAT0017988,Homo sapiens,21,UUGUGAAGAAAGAAAUUCUUA,TTGTGAAGAAAGAAATTCTTA
hsa,hsa-miR-3612,MIMAT0017989,Homo sapiens,22,AGGAGGCAUCUUGAGAAAUGGA,AGGAGGCATCTTGAGAAATGGA
hsa,hsa-miR-3615,MIMAT0017994,Homo sapiens,21,UCUCUCGGCUCCUCGCGGCUC,TCTCTCGGCTCCTCGCGGCTC
hsa,hsa-miR-3618,MIMAT0017998,Homo sapiens,22,UGUCUACAUUAAUGAAAAGAGC,TGTCTACATTAATGAAAAGAGC
hsa,hsa-miR-23c,MIMAT0018000,Homo sapiens,22,AUCACAUUGCCAGUGAUUACCC,ATCACATTGCCAGTGATTACCC
hsa,hsa-miR-3621,MIMAT0018002,Homo sapiens,20,CGCGGGUCGGGGUCUGCAGG,CGCGGGTCGGGGTCTGCAGG
hsa,hsa-miR-3646,MIMAT0018065,Homo sapiens,22,AAAAUGAAAUGAGCCCAGCCCA,AAAATGAAATGAGCCCAGCCCA
hsa,hsa-miR-3648,MIMAT0018068,Homo sapiens,21,AGCCGCGGGGAUCGCCGAGGG,AGCCGCGGGGATCGCCGAGGG
hsa,hsa-miR-3649,MIMAT0018069,Homo sapiens,19,AGGGACCUGAGUGUCUAAG,AGGGACCTGAGTGTCTAAG
hsa,hsa-miR-3650,MIMAT0018070,Homo sapiens,19,AGGUGUGUCUGUAGAGUCC,AGGTGTGTCTGTAGAGTCC
hsa,hsa-miR-3651,MIMAT0018071,Homo sapiens,24,CAUAGCCCGGUCGCUGGUACAUGA,CATAGCCCGGTCGCTGGTACATGA
hsa,hsa-miR-3652,MIMAT0018072,Homo sapiens,18,CGGCUGGAGGUGUGAGGA,CGGCTGGAGGTGTGAGGA
hsa,hsa-miR-3654,MIMAT0018074,Homo sapiens,19,GACUGGACAAGCUGAGGAA,GACTGGACAAGCTGAGGAA
hsa,hsa-miR-3655,MIMAT0018075,Homo sapiens,21,GCUUGUCGCUGCGGUGUUGCU,GCTTGTCGCTGCGGTGTTGCT
hsa,hsa-miR-3657,MIMAT0018077,Homo sapiens,21,UGUGUCCCAUUAUUGGUGAUU,TGTGTCCCATTATTGGTGATT
hsa,hsa-miR-3658,MIMAT0018078,Homo sapiens,22,UUUAAGAAAACACCAUGGAGAU,TTTAAGAAAACACCATGGAGAT
hsa,hsa-miR-3659,MIMAT0018080,Homo sapiens,21,UGAGUGUUGUCUACGAGGGCA,TGAGTGTTGTCTACGAGGGCA
hsa,hsa-miR-3660,MIMAT0018081,Homo sapiens,21,ACUGACAGGAGAGCAUUUUGA,ACTGACAGGAGAGCATTTTGA
hsa,hsa-miR-3661,MIMAT0018082,Homo sapiens,22,UGACCUGGGACUCGGACAGCUG,TGACCTGGGACTCGGACAGCTG
hsa,hsa-miR-3662,MIMAT0018083,Homo sapiens,24,GAAAAUGAUGAGUAGUGACUGAUG,GAAAATGATGAGTAGTGACTGATG
hsa,hsa-miR-3665,MIMAT0018087,Homo sapiens,18,AGCAGGUGCGGGGCGGCG,AGCAGGTGCGGGGCGGCG
hsa,hsa-miR-3666,MIMAT0018088,Homo sapiens,21,CAGUGCAAGUGUAGAUGCCGA,CAGTGCAAGTGTAGATGCCGA
hsa,hsa-miR-3668,MIMAT0018091,Homo sapiens,21,AAUGUAGAGAUUGAUCAAAAU,AATGTAGAGATTGATCAAAAT
hsa,hsa-miR-3670,MIMAT0018093,Homo sapiens,24,AGAGCUCACAGCUGUCCUUCUCUA,AGAGCTCACAGCTGTCCTTCTCTA
hsa,hsa-miR-3671,MIMAT0018094,Homo sapiens,22,AUCAAAUAAGGACUAGUCUGCA,ATCAAATAAGGACTAGTCTGCA
hsa,hsa-miR-3672,MIMAT0018095,Homo sapiens,23,AUGAGACUCAUGUAAAACAUCUU,ATGAGACTCATGTAAAACATCTT
hsa,hsa-miR-3674,MIMAT0018097,Homo sapiens,22,AUUGUAGAACCUAAGAUUGGCC,ATTGTAGAACCTAAGATTGGCC
hsa,hsa-miR-3683,MIMAT0018111,Homo sapiens,22,UGCGACAUUGGAAGUAGUAUCA,TGCGACATTGGAAGTAGTATCA
hsa,hsa-miR-3684,MIMAT0018112,Homo sapiens,21,UUAGACCUAGUACACGUCCUU,TTAGACCTAGTACACGTCCTT
hsa,hsa-miR-3685,MIMAT0018113,Homo sapiens,22,UUUCCUACCCUACCUGAAGACU,TTTCCTACCCTACCTGAAGACT
hsa,hsa-miR-3686,MIMAT0018114,Homo sapiens,22,AUCUGUAAGAGAAAGUAAAUGA,ATCTGTAAGAGAAAGTAAATGA
hsa,hsa-miR-3690,MIMAT0018119,Homo sapiens,23,ACCUGGACCCAGCGUAGACAAAG,ACCTGGACCCAGCGTAGACAAAG
hsa,hsa-miR-3713,MIMAT0018164,Homo sapiens,20,GGUAUCCGUUUGGGGAUGGU,GGTATCCGTTTGGGGATGGT
hsa,hsa-miR-3714,MIMAT0018165,Homo sapiens,22,GAAGGCAGCAGUGCUCCCCUGU,GAAGGCAGCAGTGCTCCCCTGT
hsa,hsa-miR-3180,MIMAT0018178,Homo sapiens,19,UGGGGCGGAGCUUCCGGAG,TGGGGCGGAGCTTCCGGAG
hsa,hsa-miR-3907,MIMAT0018179,Homo sapiens,22,AGGUGCUCCAGGCUGGCUCACA,AGGTGCTCCAGGCTGGCTCACA
hsa,hsa-miR-3908,MIMAT0018182,Homo sapiens,22,GAGCAAUGUAGGUAGACUGUUU,GAGCAATGTAGGTAGACTGTTT
hsa,hsa-miR-3909,MIMAT0018183,Homo sapiens,22,UGUCCUCUAGGGCCUGCAGUCU,TGTCCTCTAGGGCCTGCAGTCT
hsa,hsa-miR-3910,MIMAT0018184,Homo sapiens,20,AAAGGCAUAAAACCAAGACA,AAAGGCATAAAACCAAGACA
hsa,hsa-miR-3911,MIMAT0018185,Homo sapiens,22,UGUGUGGAUCCUGGAGGAGGCA,TGTGTGGATCCTGGAGGAGGCA
hsa,hsa-miR-3914,MIMAT0018188,Homo sapiens,22,AAGGAACCAGAAAAUGAGAAGU,AAGGAACCAGAAAATGAGAAGT
hsa,hsa-miR-3915,MIMAT0018189,Homo sapiens,22,UUGAGGAAAAGAUGGUCUUAUU,TTGAGGAAAAGATGGTCTTATT
hsa,hsa-miR-3916,MIMAT0018190,Homo sapiens,26,AAGAGGAAGAAAUGGCUGGUUCUCAG,AAGAGGAAGAAATGGCTGGTTCTCAG
hsa,hsa-miR-3917,MIMAT0018191,Homo sapiens,20,GCUCGGACUGAGCAGGUGGG,GCTCGGACTGAGCAGGTGGG
hsa,hsa-miR-3918,MIMAT0018192,Homo sapiens,21,ACAGGGCCGCAGAUGGAGACU,ACAGGGCCGCAGATGGAGACT
hsa,hsa-miR-3919,MIMAT0018193,Homo sapiens,21,GCAGAGAACAAAGGACUCAGU,GCAGAGAACAAAGGACTCAGT
hsa,hsa-miR-3920,MIMAT0018195,Homo sapiens,22,ACUGAUUAUCUUAACUCUCUGA,ACTGATTATCTTAACTCTCTGA
hsa,hsa-miR-3921,MIMAT0018196,Homo sapiens,23,UCUCUGAGUACCAUAUGCCUUGU,TCTCTGAGTACCATATGCCTTGT
hsa,hsa-miR-3923,MIMAT0018198,Homo sapiens,22,AACUAGUAAUGUUGGAUUAGGG,AACTAGTAATGTTGGATTAGGG
hsa,hsa-miR-3924,MIMAT0018199,Homo sapiens,22,AUAUGUAUAUGUGACUGCUACU,ATATGTATATGTGACTGCTACT
hsa,hsa-miR-3926,MIMAT0018201,Homo sapiens,21,UGGCCAAAAAGCAGGCAGAGA,TGGCCAAAAAGCAGGCAGAGA
hsa,hsa-miR-3929,MIMAT0018206,Homo sapiens,23,GAGGCUGAUGUGAGUAGACCACU,GAGGCTGATGTGAGTAGACCACT
hsa,hsa-miR-3935,MIMAT0018350,Homo sapiens,22,UGUAGAUACGAGCACCAGCCAC,TGTAGATACGAGCACCAGCCAC
hsa,hsa-miR-3936,MIMAT0018351,Homo sapiens,22,UAAGGGGUGUAUGGCAGAUGCA,TAAGGGGTGTATGGCAGATGCA
hsa,hsa-miR-3937,MIMAT0018352,Homo sapiens,23,ACAGGCGGCUGUAGCAAUGGGGG,ACAGGCGGCTGTAGCAATGGGGG
hsa,hsa-miR-3938,MIMAT0018353,Homo sapiens,22,AAUUCCCUUGUAGAUAACCCGG,AATTCCCTTGTAGATAACCCGG
hsa,hsa-miR-548y,MIMAT0018354,Homo sapiens,22,AAAAGUAAUCACUGUUUUUGCC,AAAAGTAATCACTGTTTTTGCC
hsa,hsa-miR-3939,MIMAT0018355,Homo sapiens,22,UACGCGCAGACCACAGGAUGUC,TACGCGCAGACCACAGGATGTC
hsa,hsa-miR-3941,MIMAT0018357,Homo sapiens,22,UUACACACAACUGAGGAUCAUA,TTACACACAACTGAGGATCATA
hsa,hsa-miR-3943,MIMAT0018359,Homo sapiens,23,UAGCCCCCAGGCUUCACUUGGCG,TAGCCCCCAGGCTTCACTTGGCG
hsa,hsa-miR-3945,MIMAT0018361,Homo sapiens,23,AGGGCAUAGGAGAGGGUUGAUAU,AGGGCATAGGAGAGGGTTGATAT
hsa,hsa-miR-548z,MIMAT0018446,Homo sapiens,23,CAAAAACCGCAAUUACUUUUGCA,CAAAAACCGCAATTACTTTTGCA
hsa,hsa-miR-548aa,MIMAT0018447,Homo sapiens,25,AAAAACCACAAUUACUUUUGCACCA,AAAAACCACAATTACTTTTGCACCA
hsa,hsa-miR-1268b,MIMAT0018925,Homo sapiens,20,CGGGCGUGGUGGUGGGGGUG,CGGGCGTGGTGGTGGGGGTG
hsa,hsa-miR-378e,MIMAT0018927,Homo sapiens,19,ACUGGACUUGGAGUCAGGA,ACTGGACTTGGAGTCAGGA
hsa,hsa-miR-548ab,MIMAT0018928,Homo sapiens,22,AAAAGUAAUUGUGGAUUUUGCU,AAAAGTAATTGTGGATTTTGCT
hsa,hsa-miR-4418,MIMAT0018930,Homo sapiens,18,CACUGCAGGACUCAGCAG,CACTGCAGGACTCAGCAG
hsa,hsa-miR-378f,MIMAT0018932,Homo sapiens,20,ACUGGACUUGGAGCCAGAAG,ACTGGACTTGGAGCCAGAAG
hsa,hsa-miR-4420,MIMAT0018933,Homo sapiens,22,GUCACUGAUGUCUGUAGCUGAG,GTCACTGATGTCTGTAGCTGAG
hsa,hsa-miR-4421,MIMAT0018934,Homo sapiens,22,ACCUGUCUGUGGAAAGGAGCUA,ACCTGTCTGTGGAAAGGAGCTA
hsa,hsa-miR-4422,MIMAT0018935,Homo sapiens,21,AAAAGCAUCAGGAAGUACCCA,AAAAGCATCAGGAAGTACCCA
hsa,hsa-miR-378g,MIMAT0018937,Homo sapiens,20,ACUGGGCUUGGAGUCAGAAG,ACTGGGCTTGGAGTCAGAAG
hsa,hsa-miR-548ac,MIMAT0018938,Homo sapiens,22,CAAAAACCGGCAAUUACUUUUG,CAAAAACCGGCAATTACTTTTG
hsa,hsa-miR-4424,MIMAT0018939,Homo sapiens,22,AGAGUUAACUCAAAAUGGACUA,AGAGTTAACTCAAAATGGACTA
hsa,hsa-miR-4425,MIMAT0018940,Homo sapiens,22,UGUUGGGAUUCAGCAGGACCAU,TGTTGGGATTCAGCAGGACCAT
hsa,hsa-miR-4426,MIMAT0018941,Homo sapiens,17,GAAGAUGGACGUACUUU,GAAGATGGACGTACTTT
hsa,hsa-miR-4427,MIMAT0018942,Homo sapiens,21,UCUGAAUAGAGUCUGAAGAGU,TCTGAATAGAGTCTGAAGAGT
hsa,hsa-miR-4428,MIMAT0018943,Homo sapiens,22,CAAGGAGACGGGAACAUGGAGC,CAAGGAGACGGGAACATGGAGC
hsa,hsa-miR-4429,MIMAT0018944,Homo sapiens,20,AAAAGCUGGGCUGAGAGGCG,AAAAGCTGGGCTGAGAGGCG
hsa,hsa-miR-4430,MIMAT0018945,Homo sapiens,18,AGGCUGGAGUGAGCGGAG,AGGCTGGAGTGAGCGGAG
hsa,hsa-miR-4431,MIMAT0018947,Homo sapiens,22,GCGACUCUGAAAACUAGAAGGU,GCGACTCTGAAAACTAGAAGGT
hsa,hsa-miR-4432,MIMAT0018948,Homo sapiens,20,AAAGACUCUGCAAGAUGCCU,AAAGACTCTGCAAGATGCCT
hsa,hsa-miR-4434,MIMAT0018950,Homo sapiens,18,AGGAGAAGUAAAGUAGAA,AGGAGAAGTAAAGTAGAA
hsa,hsa-miR-4435,MIMAT0018951,Homo sapiens,22,AUGGCCAGAGCUCACACAGAGG,ATGGCCAGAGCTCACACAGAGG
hsa,hsa-miR-4436a,MIMAT0018952,Homo sapiens,21,GCAGGACAGGCAGAAGUGGAU,GCAGGACAGGCAGAAGTGGAT
hsa,hsa-miR-4437,MIMAT0018953,Homo sapiens,21,UGGGCUCAGGGUACAAAGGUU,TGGGCTCAGGGTACAAAGGTT
hsa,hsa-miR-4438,MIMAT0018956,Homo sapiens,21,CACAGGCUUAGAAAAGACAGU,CACAGGCTTAGAAAAGACAGT
hsa,hsa-miR-4439,MIMAT0018957,Homo sapiens,22,GUGACUGAUACCUUGGAGGCAU,GTGACTGATACCTTGGAGGCAT
hsa,hsa-miR-4440,MIMAT0018958,Homo sapiens,22,UGUCGUGGGGCUUGCUGGCUUG,TGTCGTGGGGCTTGCTGGCTTG
hsa,hsa-miR-4441,MIMAT0018959,Homo sapiens,17,ACAGGGAGGAGAUUGUA,ACAGGGAGGAGATTGTA
hsa,hsa-miR-4442,MIMAT0018960,Homo sapiens,17,GCCGGACAAGAGGGAGG,GCCGGACAAGAGGGAGG
hsa,hsa-miR-4443,MIMAT0018961,Homo sapiens,17,UUGGAGGCGUGGGUUUU,TTGGAGGCGTGGGTTTT
hsa,hsa-miR-4444,MIMAT0018962,Homo sapiens,18,CUCGAGUUGGAAGAGGCG,CTCGAGTTGGAAGAGGCG
hsa,hsa-miR-4447,MIMAT0018966,Homo sapiens,17,GGUGGGGGCUGUUGUUU,GGTGGGGGCTGTTGTTT
hsa,hsa-miR-4448,MIMAT0018967,Homo sapiens,20,GGCUCCUUGGUCUAGGGGUA,GGCTCCTTGGTCTAGGGGTA
hsa,hsa-miR-4449,MIMAT0018968,Homo sapiens,22,CGUCCCGGGGCUGCGCGAGGCA,CGTCCCGGGGCTGCGCGAGGCA
hsa,hsa-miR-548ag,MIMAT0018969,Homo sapiens,21,AAAGGUAAUUGUGGUUUCUGC,AAAGGTAATTGTGGTTTCTGC
hsa,hsa-miR-4450,MIMAT0018971,Homo sapiens,22,UGGGGAUUUGGAGAAGUGGUGA,TGGGGATTTGGAGAAGTGGTGA
hsa,hsa-miR-4451,MIMAT0018973,Homo sapiens,17,UGGUAGAGCUGAGGACA,TGGTAGAGCTGAGGACA
hsa,hsa-miR-4452,MIMAT0018974,Homo sapiens,23,UUGAAUUCUUGGCCUUAAGUGAU,TTGAATTCTTGGCCTTAAGTGAT
hsa,hsa-miR-4453,MIMAT0018975,Homo sapiens,20,GAGCUUGGUCUGUAGCGGUU,GAGCTTGGTCTGTAGCGGTT
hsa,hsa-miR-4454,MIMAT0018976,Homo sapiens,20,GGAUCCGAGUCACGGCACCA,GGATCCGAGTCACGGCACCA
hsa,hsa-miR-4455,MIMAT0018977,Homo sapiens,17,AGGGUGUGUGUGUUUUU,AGGGTGTGTGTGTTTTT
hsa,hsa-miR-4456,MIMAT0018978,Homo sapiens,17,CCUGGUGGCUUCCUUUU,CCTGGTGGCTTCCTTTT
hsa,hsa-miR-4457,MIMAT0018979,Homo sapiens,22,UCACAAGGUAUUGACUGGCGUA,TCACAAGGTATTGACTGGCGTA
hsa,hsa-miR-4458,MIMAT0018980,Homo sapiens,19,AGAGGUAGGUGUGGAAGAA,AGAGGTAGGTGTGGAAGAA
hsa,hsa-miR-4460,MIMAT0018982,Homo sapiens,22,AUAGUGGUUGUGAAUUUACCUU,ATAGTGGTTGTGAATTTACCTT
hsa,hsa-miR-378h,MIMAT0018984,Homo sapiens,21,ACUGGACUUGGUGUCAGAUGG,ACTGGACTTGGTGTCAGATGG
hsa,hsa-miR-3135b,MIMAT0018985,Homo sapiens,22,GGCUGGAGCGAGUGCAGUGGUG,GGCTGGAGCGAGTGCAGTGGTG
hsa,hsa-miR-4462,MIMAT0018986,Homo sapiens,23,UGACACGGAGGGUGGCUUGGGAA,TGACACGGAGGGTGGCTTGGGAA
hsa,hsa-miR-4463,MIMAT0018987,Homo sapiens,17,GAGACUGGGGUGGGGCC,GAGACTGGGGTGGGGCC
hsa,hsa-miR-4464,MIMAT0018988,Homo sapiens,21,AAGGUUUGGAUAGAUGCAAUA,AAGGTTTGGATAGATGCAATA
hsa,hsa-miR-548ai,MIMAT0018989,Homo sapiens,22,AAAGGUAAUUGCAGUUUUUCCC,AAAGGTAATTGCAGTTTTTCCC
hsa,hsa-miR-4465,MIMAT0018992,Homo sapiens,22,CUCAAGUAGUCUGACCAGGGGA,CTCAAGTAGTCTGACCAGGGGA
hsa,hsa-miR-4466,MIMAT0018993,Homo sapiens,18,GGGUGCGGGCCGGCGGGG,GGGTGCGGGCCGGCGGGG
hsa,hsa-miR-4467,MIMAT0018994,Homo sapiens,22,UGGCGGCGGUAGUUAUGGGCUU,TGGCGGCGGTAGTTATGGGCTT
hsa,hsa-miR-4468,MIMAT0018995,Homo sapiens,18,AGAGCAGAAGGAUGAGAU,AGAGCAGAAGGATGAGAT
hsa,hsa-miR-4469,MIMAT0018996,Homo sapiens,22,GCUCCCUCUAGGGUCGCUCGGA,GCTCCCTCTAGGGTCGCTCGGA
hsa,hsa-miR-4470,MIMAT0018997,Homo sapiens,21,UGGCAAACGUGGAAGCCGAGA,TGGCAAACGTGGAAGCCGAGA
hsa,hsa-miR-4471,MIMAT0018998,Homo sapiens,22,UGGGAACUUAGUAGAGGUUUAA,TGGGAACTTAGTAGAGGTTTAA
hsa,hsa-miR-4472,MIMAT0018999,Homo sapiens,18,GGUGGGGGGUGUUGUUUU,GGTGGGGGGTGTTGTTTT
hsa,hsa-miR-4473,MIMAT0019000,Homo sapiens,22,CUAGUGCUCUCCGUUACAAGUA,CTAGTGCTCTCCGTTACAAGTA
hsa,hsa-miR-4475,MIMAT0019002,Homo sapiens,22,CAAGGGACCAAGCAUUCAUUAU,CAAGGGACCAAGCATTCATTAT
hsa,hsa-miR-4476,MIMAT0019003,Homo sapiens,22,CAGGAAGGAUUUAGGGACAGGC,CAGGAAGGATTTAGGGACAGGC
hsa,hsa-miR-4477a,MIMAT0019004,Homo sapiens,22,CUAUUAAGGACAUUUGUGAUUC,CTATTAAGGACATTTGTGATTC
hsa,hsa-miR-4477b,MIMAT0019005,Homo sapiens,22,AUUAAGGACAUUUGUGAUUGAU,ATTAAGGACATTTGTGATTGAT
hsa,hsa-miR-4478,MIMAT0019006,Homo sapiens,17,GAGGCUGAGCUGAGGAG,GAGGCTGAGCTGAGGAG
hsa,hsa-miR-3689c,MIMAT0019007,Homo sapiens,22,CUGGGAGGUGUGAUAUUGUGGU,CTGGGAGGTGTGATATTGTGGT
hsa,hsa-miR-3689d,MIMAT0019008,Homo sapiens,22,GGGAGGUGUGAUCUCACACUCG,GGGAGGTGTGATCTCACACTCG
hsa,hsa-miR-3689e,MIMAT0019009,Homo sapiens,22,UGUGAUAUCAUGGUUCCUGGGA,TGTGATATCATGGTTCCTGGGA
hsa,hsa-miR-3689f,MIMAT0019010,Homo sapiens,22,UGUGAUAUCGUGCUUCCUGGGA,TGTGATATCGTGCTTCCTGGGA
hsa,hsa-miR-4479,MIMAT0019011,Homo sapiens,22,CGCGCGGCCGUGCUCGGAGCAG,CGCGCGGCCGTGCTCGGAGCAG
hsa,hsa-miR-3155b,MIMAT0019012,Homo sapiens,18,CCAGGCUCUGCAGUGGGA,CCAGGCTCTGCAGTGGGA
hsa,hsa-miR-548ak,MIMAT0019013,Homo sapiens,21,AAAAGUAACUGCGGUUUUUGA,AAAAGTAACTGCGGTTTTTGA
hsa,hsa-miR-4480,MIMAT0019014,Homo sapiens,21,AGCCAAGUGGAAGUUACUUUA,AGCCAAGTGGAAGTTACTTTA
hsa,hsa-miR-4481,MIMAT0019015,Homo sapiens,17,GGAGUGGGCUGGUGGUU,GGAGTGGGCTGGTGGTT
hsa,hsa-miR-4483,MIMAT0019017,Homo sapiens,17,GGGGUGGUCUGUUGUUG,GGGGTGGTCTGTTGTTG
hsa,hsa-miR-4484,MIMAT0019018,Homo sapiens,20,AAAAGGCGGGAGAAGCCCCA,AAAAGGCGGGAGAAGCCCCA
hsa,hsa-miR-4486,MIMAT0019020,Homo sapiens,17,GCUGGGCGAGGCUGGCA,GCTGGGCGAGGCTGGCA
hsa,hsa-miR-4487,MIMAT0019021,Homo sapiens,19,AGAGCUGGCUGAAGGGCAG,AGAGCTGGCTGAAGGGCAG
hsa,hsa-miR-4488,MIMAT0019022,Homo sapiens,18,AGGGGGCGGGCUCCGGCG,AGGGGGCGGGCTCCGGCG
hsa,hsa-miR-4489,MIMAT0019023,Homo sapiens,21,UGGGGCUAGUGAUGCAGGACG,TGGGGCTAGTGATGCAGGACG
hsa,hsa-miR-548al,MIMAT0019024,Homo sapiens,22,AACGGCAAUGACUUUUGUACCA,AACGGCAATGACTTTTGTACCA
hsa,hsa-miR-4490,MIMAT0019025,Homo sapiens,22,UCUGGUAAGAGAUUUGGGCAUA,TCTGGTAAGAGATTTGGGCATA
hsa,hsa-miR-4491,MIMAT0019026,Homo sapiens,22,AAUGUGGACUGGUGUGACCAAA,AATGTGGACTGGTGTGACCAAA
hsa,hsa-miR-4492,MIMAT0019027,Homo sapiens,17,GGGGCUGGGCGCGCGCC,GGGGCTGGGCGCGCGCC
hsa,hsa-miR-4493,MIMAT0019028,Homo sapiens,21,AGAAGGCCUUUCCAUCUCUGU,AGAAGGCCTTTCCATCTCTGT
hsa,hsa-miR-4494,MIMAT0019029,Homo sapiens,22,CCAGACUGUGGCUGACCAGAGG,CCAGACTGTGGCTGACCAGAGG
hsa,hsa-miR-4495,MIMAT0019030,Homo sapiens,21,AAUGUAAACAGGCUUUUUGCU,AATGTAAACAGGCTTTTTGCT
hsa,hsa-miR-4496,MIMAT0019031,Homo sapiens,22,GAGGAAACUGAAGCUGAGAGGG,GAGGAAACTGAAGCTGAGAGGG
hsa,hsa-miR-4497,MIMAT0019032,Homo sapiens,17,CUCCGGGACGGCUGGGC,CTCCGGGACGGCTGGGC
hsa,hsa-miR-4498,MIMAT0019033,Homo sapiens,22,UGGGCUGGCAGGGCAAGUGCUG,TGGGCTGGCAGGGCAAGTGCTG
hsa,hsa-miR-4499,MIMAT0019035,Homo sapiens,17,AAGACUGAGAGGAGGGA,AAGACTGAGAGGAGGGA
hsa,hsa-miR-4500,MIMAT0019036,Homo sapiens,17,UGAGGUAGUAGUUUCUU,TGAGGTAGTAGTTTCTT
hsa,hsa-miR-4501,MIMAT0019037,Homo sapiens,21,UAUGUGACCUCGGAUGAAUCA,TATGTGACCTCGGATGAATCA
hsa,hsa-miR-4502,MIMAT0019038,Homo sapiens,22,GCUGAUGAUGAUGGUGCUGAAG,GCTGATGATGATGGTGCTGAAG
hsa,hsa-miR-4503,MIMAT0019039,Homo sapiens,22,UUUAAGCAGGAAAUAGAAUUUA,TTTAAGCAGGAAATAGAATTTA
hsa,hsa-miR-4504,MIMAT0019040,Homo sapiens,22,UGUGACAAUAGAGAUGAACAUG,TGTGACAATAGAGATGAACATG
hsa,hsa-miR-4505,MIMAT0019041,Homo sapiens,18,AGGCUGGGCUGGGACGGA,AGGCTGGGCTGGGACGGA
hsa,hsa-miR-4506,MIMAT0019042,Homo sapiens,20,AAAUGGGUGGUCUGAGGCAA,AAATGGGTGGTCTGAGGCAA
hsa,hsa-miR-2392,MIMAT0019043,Homo sapiens,20,UAGGAUGGGGGUGAGAGGUG,TAGGATGGGGGTGAGAGGTG
hsa,hsa-miR-4507,MIMAT0019044,Homo sapiens,20,CUGGGUUGGGCUGGGCUGGG,CTGGGTTGGGCTGGGCTGGG
hsa,hsa-miR-4508,MIMAT0019045,Homo sapiens,17,GCGGGGCUGGGCGCGCG,GCGGGGCTGGGCGCGCG
hsa,hsa-miR-4509,MIMAT0019046,Homo sapiens,22,ACUAAAGGAUAUAGAAGGUUUU,ACTAAAGGATATAGAAGGTTTT
hsa,hsa-miR-4510,MIMAT0019047,Homo sapiens,22,UGAGGGAGUAGGAUGUAUGGUU,TGAGGGAGTAGGATGTATGGTT
hsa,hsa-miR-4511,MIMAT0019048,Homo sapiens,22,GAAGAACUGUUGCAUUUGCCCU,GAAGAACTGTTGCATTTGCCCT
hsa,hsa-miR-4512,MIMAT0019049,Homo sapiens,22,CAGGGCCUCACUGUAUCGCCCA,CAGGGCCTCACTGTATCGCCCA
hsa,hsa-miR-4513,MIMAT0019050,Homo sapiens,22,AGACUGACGGCUGGAGGCCCAU,AGACTGACGGCTGGAGGCCCAT
hsa,hsa-miR-4514,MIMAT0019051,Homo sapiens,18,ACAGGCAGGAUUGGGGAA,ACAGGCAGGATTGGGGAA
hsa,hsa-miR-4515,MIMAT0019052,Homo sapiens,22,AGGACUGGACUCCCGGCAGCCC,AGGACTGGACTCCCGGCAGCCC
hsa,hsa-miR-4516,MIMAT0019053,Homo sapiens,17,GGGAGAAGGGUCGGGGC,GGGAGAAGGGTCGGGGC
hsa,hsa-miR-4517,MIMAT0019054,Homo sapiens,25,AAAUAUGAUGAAACUCACAGCUGAG,AAATATGATGAAACTCACAGCTGAG
hsa,hsa-miR-4518,MIMAT0019055,Homo sapiens,26,GCUCAGGGAUGAUAACUGUGCUGAGA,GCTCAGGGATGATAACTGTGCTGAGA
hsa,hsa-miR-4519,MIMAT0019056,Homo sapiens,18,CAGCAGUGCGCAGGGCUG,CAGCAGTGCGCAGGGCTG
hsa,hsa-miR-4521,MIMAT0019058,Homo sapiens,22,GCUAAGGAAGUCCUGUGCUCAG,GCTAAGGAAGTCCTGTGCTCAG
hsa,hsa-miR-1269b,MIMAT0019059,Homo sapiens,22,CUGGACUGAGCCAUGCUACUGG,CTGGACTGAGCCATGCTACTGG
hsa,hsa-miR-4522,MIMAT0019060,Homo sapiens,21,UGACUCUGCCUGUAGGCCGGU,TGACTCTGCCTGTAGGCCGGT
hsa,hsa-miR-4523,MIMAT0019061,Homo sapiens,21,GACCGAGAGGGCCUCGGCUGU,GACCGAGAGGGCCTCGGCTGT
hsa,hsa-miR-4525,MIMAT0019064,Homo sapiens,21,GGGGGGAUGUGCAUGCUGGUU,GGGGGGATGTGCATGCTGGTT
hsa,hsa-miR-4526,MIMAT0019065,Homo sapiens,22,GCUGACAGCAGGGCUGGCCGCU,GCTGACAGCAGGGCTGGCCGCT
hsa,hsa-miR-4527,MIMAT0019066,Homo sapiens,22,UGGUCUGCAAAGAGAUGACUGU,TGGTCTGCAAAGAGATGACTGT
hsa,hsa-miR-4528,MIMAT0019067,Homo sapiens,22,UCAUUAUAUGUAUGAUCUGGAC,TCATTATATGTATGATCTGGAC
hsa,hsa-miR-4530,MIMAT0019069,Homo sapiens,18,CCCAGCAGGACGGGAGCG,CCCAGCAGGACGGGAGCG
hsa,hsa-miR-4531,MIMAT0019070,Homo sapiens,17,AUGGAGAAGGCUUCUGA,ATGGAGAAGGCTTCTGA
hsa,hsa-miR-4533,MIMAT0019072,Homo sapiens,22,UGGAAGGAGGUUGCCGGACGCU,TGGAAGGAGGTTGCCGGACGCT
hsa,hsa-miR-4534,MIMAT0019073,Homo sapiens,17,GGAUGGAGGAGGGGUCU,GGATGGAGGAGGGGTCT
hsa,hsa-miR-378i,MIMAT0019074,Homo sapiens,21,ACUGGACUAGGAGUCAGAAGG,ACTGGACTAGGAGTCAGAAGG
hsa,hsa-miR-4535,MIMAT0019075,Homo sapiens,17,GUGGACCUGGCUGGGAC,GTGGACCTGGCTGGGAC
hsa,hsa-miR-1587,MIMAT0019077,Homo sapiens,20,UUGGGCUGGGCUGGGUUGGG,TTGGGCTGGGCTGGGTTGGG
hsa,hsa-miR-548an,MIMAT0019079,Homo sapiens,20,AAAAGGCAUUGUGGUUUUUG,AAAAGGCATTGTGGTTTTTG
hsa,hsa-miR-4537,MIMAT0019080,Homo sapiens,22,UGAGCCGAGCUGAGCUUAGCUG,TGAGCCGAGCTGAGCTTAGCTG
hsa,hsa-miR-4538,MIMAT0019081,Homo sapiens,22,GAGCUUGGAUGAGCUGGGCUGA,GAGCTTGGATGAGCTGGGCTGA
hsa,hsa-miR-4539,MIMAT0019082,Homo sapiens,22,GCUGAACUGGGCUGAGCUGGGC,GCTGAACTGGGCTGAGCTGGGC
hsa,hsa-miR-4540,MIMAT0019083,Homo sapiens,21,UUAGUCCUGCCUGUAGGUUUA,TTAGTCCTGCCTGTAGGTTTA
hsa,hsa-miR-3960,MIMAT0019337,Homo sapiens,20,GGCGGCGGCGGAGGCGGGGG,GGCGGCGGCGGAGGCGGGGG
hsa,hsa-miR-3972,MIMAT0019357,Homo sapiens,22,CUGCCAGCCCCGUUCCAGGGCA,CTGCCAGCCCCGTTCCAGGGCA
hsa,hsa-miR-3973,MIMAT0019358,Homo sapiens,23,ACAAAGUACAGCAUUAGCCUUAG,ACAAAGTACAGCATTAGCCTTAG
hsa,hsa-miR-3974,MIMAT0019359,Homo sapiens,23,AAAGGUCAUUGUAAGGUUAAUGC,AAAGGTCATTGTAAGGTTAATGC
hsa,hsa-miR-3975,MIMAT0019360,Homo sapiens,22,UGAGGCUAAUGCACUACUUCAC,TGAGGCTAATGCACTACTTCAC
hsa,hsa-miR-3976,MIMAT0019361,Homo sapiens,24,UAUAGAGAGCAGGAAGAUUAAUGU,TATAGAGAGCAGGAAGATTAATGT
hsa,hsa-miR-3977,MIMAT0019362,Homo sapiens,23,GUGCUUCAUCGUAAUUAACCUUA,GTGCTTCATCGTAATTAACCTTA
hsa,hsa-miR-3978,MIMAT0019363,Homo sapiens,24,GUGGAAAGCAUGCAUCCAGGGUGU,GTGGAAAGCATGCATCCAGGGTGT
hsa,hsa-miR-4634,MIMAT0019691,Homo sapiens,19,CGGCGCGACCGGCCCGGGG,CGGCGCGACCGGCCCGGGG
hsa,hsa-miR-4635,MIMAT0019692,Homo sapiens,21,UCUUGAAGUCAGAACCCGCAA,TCTTGAAGTCAGAACCCGCAA
hsa,hsa-miR-4636,MIMAT0019693,Homo sapiens,22,AACUCGUGUUCAAAGCCUUUAG,AACTCGTGTTCAAAGCCTTTAG
hsa,hsa-miR-4637,MIMAT0019694,Homo sapiens,22,UACUAACUGCAGAUUCAAGUGA,TACTAACTGCAGATTCAAGTGA
hsa,hsa-miR-4641,MIMAT0019701,Homo sapiens,24,UGCCCAUGCCAUACUUUUGCCUCA,TGCCCATGCCATACTTTTGCCTCA
hsa,hsa-miR-4642,MIMAT0019702,Homo sapiens,22,AUGGCAUCGUCCCCUGGUGGCU,ATGGCATCGTCCCCTGGTGGCT
hsa,hsa-miR-4643,MIMAT0019703,Homo sapiens,22,GACACAUGACCAUAAAUGCUAA,GACACATGACCATAAATGCTAA
hsa,hsa-miR-4644,MIMAT0019704,Homo sapiens,23,UGGAGAGAGAAAAGAGACAGAAG,TGGAGAGAGAAAAGAGACAGAAG
hsa,hsa-miR-4647,MIMAT0019709,Homo sapiens,23,GAAGAUGGUGCUGUGCUGAGGAA,GAAGATGGTGCTGTGCTGAGGAA
hsa,hsa-miR-4648,MIMAT0019710,Homo sapiens,20,UGUGGGACUGCAAAUGGGAG,TGTGGGACTGCAAATGGGAG
hsa,hsa-miR-4651,MIMAT0019715,Homo sapiens,20,CGGGGUGGGUGAGGUCGGGC,CGGGGTGGGTGAGGTCGGGC
hsa,hsa-miR-4654,MIMAT0019720,Homo sapiens,22,UGUGGGAUCUGGAGGCAUCUGG,TGTGGGATCTGGAGGCATCTGG
hsa,hsa-miR-4656,MIMAT0019723,Homo sapiens,23,UGGGCUGAGGGCAGGAGGCCUGU,TGGGCTGAGGGCAGGAGGCCTGT
hsa,hsa-miR-4657,MIMAT0019724,Homo sapiens,23,AAUGUGGAAGUGGUCUGAGGCAU,AATGTGGAAGTGGTCTGAGGCAT
hsa,hsa-miR-4658,MIMAT0019725,Homo sapiens,23,GUGAGUGUGGAUCCUGGAGGAAU,GTGAGTGTGGATCCTGGAGGAAT
hsa,hsa-miR-4660,MIMAT0019728,Homo sapiens,23,UGCAGCUCUGGUGGAAAAUGGAG,TGCAGCTCTGGTGGAAAATGGAG
hsa,hsa-miR-4663,MIMAT0019735,Homo sapiens,24,AGCUGAGCUCCAUGGACGUGCAGU,AGCTGAGCTCCATGGACGTGCAGT
hsa,hsa-miR-4662b,MIMAT0019736,Homo sapiens,22,AAAGAUGGACAAUUGGCUAAAU,AAAGATGGACAATTGGCTAAAT
hsa,hsa-miR-4669,MIMAT0019749,Homo sapiens,22,UGUGUCCGGGAAGUGGAGGAGG,TGTGTCCGGGAAGTGGAGGAGG
hsa,hsa-miR-4672,MIMAT0019754,Homo sapiens,21,UUACACAGCUGGACAGAGGCA,TTACACAGCTGGACAGAGGCA
hsa,hsa-miR-4673,MIMAT0019755,Homo sapiens,22,UCCAGGCAGGAGCCGGACUGGA,TCCAGGCAGGAGCCGGACTGGA
hsa,hsa-miR-4674,MIMAT0019756,Homo sapiens,21,CUGGGCUCGGGACGCGCGGCU,CTGGGCTCGGGACGCGCGGCT
hsa,hsa-miR-4675,MIMAT0019757,Homo sapiens,22,GGGGCUGUGAUUGACCAGCAGG,GGGGCTGTGATTGACCAGCAGG
hsa,hsa-miR-4678,MIMAT0019762,Homo sapiens,22,AAGGUAUUGUUCAGACUUAUGA,AAGGTATTGTTCAGACTTATGA
hsa,hsa-miR-4679,MIMAT0019763,Homo sapiens,22,UCUGUGAUAGAGAUUCUUUGCU,TCTGTGATAGAGATTCTTTGCT
hsa,hsa-miR-4681,MIMAT0019766,Homo sapiens,22,AACGGGAAUGCAGGCUGUAUCU,AACGGGAATGCAGGCTGTATCT
hsa,hsa-miR-4682,MIMAT0019767,Homo sapiens,23,UCUGAGUUCCUGGAGCCUGGUCU,TCTGAGTTCCTGGAGCCTGGTCT
hsa,hsa-miR-4683,MIMAT0019768,Homo sapiens,23,UGGAGAUCCAGUGCUCGCCCGAU,TGGAGATCCAGTGCTCGCCCGAT
hsa,hsa-miR-4686,MIMAT0019773,Homo sapiens,23,UAUCUGCUGGGCUUUCUGGUGUU,TATCTGCTGGGCTTTCTGGTGTT
hsa,hsa-miR-4688,MIMAT0019777,Homo sapiens,22,UAGGGGCAGCAGAGGACCUGGG,TAGGGGCAGCAGAGGACCTGGG
hsa,hsa-miR-4689,MIMAT0019778,Homo sapiens,22,UUGAGGAGACAUGGUGGGGGCC,TTGAGGAGACATGGTGGGGGCC
hsa,hsa-miR-4692,MIMAT0019783,Homo sapiens,22,UCAGGCAGUGUGGGUAUCAGAU,TCAGGCAGTGTGGGTATCAGAT
hsa,hsa-miR-4696,MIMAT0019790,Homo sapiens,22,UGCAAGACGGAUACUGUCAUCU,TGCAAGACGGATACTGTCATCT
hsa,hsa-miR-4698,MIMAT0019793,Homo sapiens,23,UCAAAAUGUAGAGGAAGACCCCA,TCAAAATGTAGAGGAAGACCCCA
hsa,hsa-miR-4705,MIMAT0019805,Homo sapiens,22,UCAAUCACUUGGUAAUUGCUGU,TCAATCACTTGGTAATTGCTGT
hsa,hsa-miR-4706,MIMAT0019806,Homo sapiens,25,AGCGGGGAGGAAGUGGGCGCUGCUU,AGCGGGGAGGAAGTGGGCGCTGCTT
hsa,hsa-miR-4710,MIMAT0019815,Homo sapiens,18,GGGUGAGGGCAGGUGGUU,GGGTGAGGGCAGGTGGTT
hsa,hsa-miR-4718,MIMAT0019831,Homo sapiens,21,AGCUGUACCUGAAACCAAGCA,AGCTGTACCTGAAACCAAGCA
hsa,hsa-miR-4719,MIMAT0019832,Homo sapiens,22,UCACAAAUCUAUAAUAUGCAGG,TCACAAATCTATAATATGCAGG
hsa,hsa-miR-4721,MIMAT0019835,Homo sapiens,22,UGAGGGCUCCAGGUGACGGUGG,TGAGGGCTCCAGGTGACGGTGG
hsa,hsa-miR-451b,MIMAT0019840,Homo sapiens,22,UAGCAAGAGAACCAUUACCAUU,TAGCAAGAGAACCATTACCATT
hsa,hsa-miR-4729,MIMAT0019851,Homo sapiens,22,UCAUUUAUCUGUUGGGAAGCUA,TCATTTATCTGTTGGGAAGCTA
hsa,hsa-miR-4730,MIMAT0019852,Homo sapiens,23,CUGGCGGAGCCCAUUCCAUGCCA,CTGGCGGAGCCCATTCCATGCCA
hsa,hsa-miR-4734,MIMAT0019859,Homo sapiens,22,GCUGCGGGCUGCGGUCAGGGCG,GCTGCGGGCTGCGGTCAGGGCG
hsa,hsa-miR-4736,MIMAT0019862,Homo sapiens,19,AGGCAGGUUAUCUGGGCUG,AGGCAGGTTATCTGGGCTG
hsa,hsa-miR-4737,MIMAT0019863,Homo sapiens,20,AUGCGAGGAUGCUGACAGUG,ATGCGAGGATGCTGACAGTG
hsa,hsa-miR-4739,MIMAT0019868,Homo sapiens,25,AAGGGAGGAGGAGCGGAGGGGCCCU,AAGGGAGGAGGAGCGGAGGGGCCCT
hsa,hsa-miR-4741,MIMAT0019871,Homo sapiens,23,CGGGCUGUCCGGAGGGGUCGGCU,CGGGCTGTCCGGAGGGGTCGGCT
hsa,hsa-miR-4744,MIMAT0019875,Homo sapiens,23,UCUAAAGACUAGACUUCGCUAUG,TCTAAAGACTAGACTTCGCTATG
hsa,hsa-miR-4748,MIMAT0019884,Homo sapiens,21,GAGGUUUGGGGAGGAUUUGCU,GAGGTTTGGGGAGGATTTGCT
hsa,hsa-miR-4751,MIMAT0019888,Homo sapiens,24,AGAGGACCCGUAGCUGCUAGAAGG,AGAGGACCCGTAGCTGCTAGAAGG
hsa,hsa-miR-4752,MIMAT0019889,Homo sapiens,22,UUGUGGAUCUCAAGGAUGUGCU,TTGTGGATCTCAAGGATGTGCT
hsa,hsa-miR-4754,MIMAT0019894,Homo sapiens,23,AUGCGGACCUGGGUUAGCGGAGU,ATGCGGACCTGGGTTAGCGGAGT
hsa,hsa-miR-4759,MIMAT0019905,Homo sapiens,21,UAGGACUAGAUGUUGGAAUUA,TAGGACTAGATGTTGGAATTA
hsa,hsa-miR-4765,MIMAT0019916,Homo sapiens,22,UGAGUGAUUGAUAGCUAUGUUC,TGAGTGATTGATAGCTATGTTC
hsa,hsa-miR-4767,MIMAT0019919,Homo sapiens,23,CGCGGGCGCUCCUGGCCGCCGCC,CGCGGGCGCTCCTGGCCGCCGCC
hsa,hsa-miR-4770,MIMAT0019924,Homo sapiens,18,UGAGAUGACACUGUAGCU,TGAGATGACACTGTAGCT
hsa,hsa-miR-4771,MIMAT0019925,Homo sapiens,21,AGCAGACUUGACCUACAAUUA,AGCAGACTTGACCTACAATTA
hsa,hsa-miR-4773,MIMAT0019928,Homo sapiens,22,CAGAACAGGAGCAUAGAAAGGC,CAGAACAGGAGCATAGAAAGGC
hsa,hsa-miR-4775,MIMAT0019931,Homo sapiens,22,UUAAUUUUUUGUUUCGGUCACU,TTAATTTTTTGTTTCGGTCACT
hsa,hsa-miR-4779,MIMAT0019938,Homo sapiens,22,UAGGAGGGAAUAGUAAAAGCAG,TAGGAGGGAATAGTAAAAGCAG
hsa,hsa-miR-4780,MIMAT0019939,Homo sapiens,22,ACCCUUGAGCCUGAUCCCUAGC,ACCCTTGAGCCTGATCCCTAGC
hsa,hsa-miR-4784,MIMAT0019948,Homo sapiens,20,UGAGGAGAUGCUGGGACUGA,TGAGGAGATGCTGGGACTGA
hsa,hsa-miR-4785,MIMAT0019949,Homo sapiens,21,AGAGUCGGCGACGCCGCCAGC,AGAGTCGGCGACGCCGCCAGC
hsa,hsa-miR-4788,MIMAT0019958,Homo sapiens,22,UUACGGACCAGCUAAGGGAGGC,TTACGGACCAGCTAAGGGAGGC
hsa,hsa-miR-4791,MIMAT0019963,Homo sapiens,18,UGGAUAUGAUGACUGAAA,TGGATATGATGACTGAAA
hsa,hsa-miR-4794,MIMAT0019967,Homo sapiens,22,UCUGGCUAUCUCACGAGACUGU,TCTGGCTATCTCACGAGACTGT
hsa,hsa-miR-4801,MIMAT0019980,Homo sapiens,22,UACACAAGAAAACCAAGGCUCA,TACACAAGAAAACCAAGGCTCA
hsa,hsa-miR-4803,MIMAT0019983,Homo sapiens,21,UAACAUAAUAGUGUGGAUUGA,TAACATAATAGTGTGGATTGA
hsa,hsa-miR-5047,MIMAT0020541,Homo sapiens,21,UUGCAGCUGCGGUUGUAAGGU,TTGCAGCTGCGGTTGTAAGGT
hsa,hsa-miR-5087,MIMAT0021079,Homo sapiens,23,GGGUUUGUAGCUUUGCUGGCAUG,GGGTTTGTAGCTTTGCTGGCATG
hsa,hsa-miR-5090,MIMAT0021082,Homo sapiens,23,CCGGGGCAGAUUGGUGUAGGGUG,CCGGGGCAGATTGGTGTAGGGTG
hsa,hsa-miR-5091,MIMAT0021083,Homo sapiens,23,ACGGAGACGACAAGACUGUGCUG,ACGGAGACGACAAGACTGTGCTG
hsa,hsa-miR-5092,MIMAT0021084,Homo sapiens,22,AAUCCACGCUGAGCUUGGCAUC,AATCCACGCTGAGCTTGGCATC
hsa,hsa-miR-5093,MIMAT0021085,Homo sapiens,23,AGGAAAUGAGGCUGGCUAGGAGC,AGGAAATGAGGCTGGCTAGGAGC
hsa,hsa-miR-5094,MIMAT0021086,Homo sapiens,22,AAUCAGUGAAUGCCUUGAACCU,AATCAGTGAATGCCTTGAACCT
hsa,hsa-miR-5186,MIMAT0021116,Homo sapiens,21,AGAGAUUGGUAGAAAUCAGGU,AGAGATTGGTAGAAATCAGGT
hsa,hsa-miR-5188,MIMAT0021119,Homo sapiens,23,AAUCGGACCCAUUUAAACCGGAG,AATCGGACCCATTTAAACCGGAG
hsa,hsa-miR-5190,MIMAT0021121,Homo sapiens,21,CCAGUGACUGAGCUGGAGCCA,CCAGTGACTGAGCTGGAGCCA
hsa,hsa-miR-5191,MIMAT0021122,Homo sapiens,22,AGGAUAGGAAGAAUGAAGUGCU,AGGATAGGAAGAATGAAGTGCT
hsa,hsa-miR-5192,MIMAT0021123,Homo sapiens,22,AGGAGAGUGGAUUCCAGGUGGU,AGGAGAGTGGATTCCAGGTGGT
hsa,hsa-miR-5193,MIMAT0021124,Homo sapiens,22,UCCUCCUCUACCUCAUCCCAGU,TCCTCCTCTACCTCATCCCAGT
hsa,hsa-miR-5194,MIMAT0021125,Homo sapiens,22,UGAGGGGUUUGGAAUGGGAUGG,TGAGGGGTTTGGAATGGGATGG
hsa,hsa-miR-5100,MIMAT0022259,Homo sapiens,22,UUCAGAUCCCAGCGGUGCCUCU,TTCAGATCCCAGCGGTGCCTCT
hsa,hsa-miR-5572,MIMAT0022260,Homo sapiens,21,GUUGGGGUGCAGGGGUCUGCU,GTTGGGGTGCAGGGGTCTGCT
hsa,hsa-miR-5680,MIMAT0022468,Homo sapiens,22,GAGAAAUGCUGGACUAAUCUGC,GAGAAATGCTGGACTAATCTGC
hsa,hsa-miR-5681a,MIMAT0022469,Homo sapiens,22,AGAAAGGGUGGCAAUACCUCUU,AGAAAGGGTGGCAATACCTCTT
hsa,hsa-miR-5682,MIMAT0022470,Homo sapiens,22,GUAGCACCUUGCAGGAUAAGGU,GTAGCACCTTGCAGGATAAGGT
hsa,hsa-miR-548aw,MIMAT0022471,Homo sapiens,20,GUGCAAAAGUCAUCACGGUU,GTGCAAAAGTCATCACGGTT
hsa,hsa-miR-5683,MIMAT0022472,Homo sapiens,24,UACAGAUGCAGAUUCUCUGACUUC,TACAGATGCAGATTCTCTGACTTC
hsa,hsa-miR-5684,MIMAT0022473,Homo sapiens,20,AACUCUAGCCUGAGCAACAG,AACTCTAGCCTGAGCAACAG
hsa,hsa-miR-548ax,MIMAT0022474,Homo sapiens,22,AGAAGUAAUUGCGGUUUUGCCA,AGAAGTAATTGCGGTTTTGCCA
hsa,hsa-miR-5685,MIMAT0022475,Homo sapiens,22,ACAGCCCAGCAGUUAUCACGGG,ACAGCCCAGCAGTTATCACGGG
hsa,hsa-miR-5692c,MIMAT0022476,Homo sapiens,22,AAUAAUAUCACAGUAGGUGUAC,AATAATATCACAGTAGGTGTAC
hsa,hsa-miR-5687,MIMAT0022478,Homo sapiens,22,UUAGAACGUUUUAGGGUCAAAU,TTAGAACGTTTTAGGGTCAAAT
hsa,hsa-miR-5688,MIMAT0022479,Homo sapiens,22,UAACAAACACCUGUAAAACAGC,TAACAAACACCTGTAAAACAGC
hsa,hsa-miR-5681b,MIMAT0022480,Homo sapiens,22,AGGUAUUGCCACCCUUUCUAGU,AGGTATTGCCACCCTTTCTAGT
hsa,hsa-miR-5689,MIMAT0022481,Homo sapiens,22,AGCAUACACCUGUAGUCCUAGA,AGCATACACCTGTAGTCCTAGA
hsa,hsa-miR-5690,MIMAT0022482,Homo sapiens,21,UCAGCUACUACCUCUAUUAGG,TCAGCTACTACCTCTATTAGG
hsa,hsa-miR-5691,MIMAT0022483,Homo sapiens,22,UUGCUCUGAGCUCCGAGAAAGC,TTGCTCTGAGCTCCGAGAAAGC
hsa,hsa-miR-5692a,MIMAT0022484,Homo sapiens,22,CAAAUAAUACCACAGUGGGUGU,CAAATAATACCACAGTGGGTGT
hsa,hsa-miR-4666b,MIMAT0022485,Homo sapiens,23,UUGCAUGUCAGAUUGUAAUUCCC,TTGCATGTCAGATTGTAATTCCC
hsa,hsa-miR-5693,MIMAT0022486,Homo sapiens,22,GCAGUGGCUCUGAAAUGAACUC,GCAGTGGCTCTGAAATGAACTC
hsa,hsa-miR-5694,MIMAT0022487,Homo sapiens,21,CAGAUCAUGGGACUGUCUCAG,CAGATCATGGGACTGTCTCAG
hsa,hsa-miR-5695,MIMAT0022488,Homo sapiens,22,ACUCCAAGAAGAAUCUAGACAG,ACTCCAAGAAGAATCTAGACAG
hsa,hsa-miR-5696,MIMAT0022489,Homo sapiens,22,CUCAUUUAAGUAGUCUGAUGCC,CTCATTTAAGTAGTCTGATGCC
hsa,hsa-miR-5697,MIMAT0022490,Homo sapiens,22,UCAAGUAGUUUCAUGAUAAAGG,TCAAGTAGTTTCATGATAAAGG
hsa,hsa-miR-5698,MIMAT0022491,Homo sapiens,22,UGGGGGAGUGCAGUGAUUGUGG,TGGGGGAGTGCAGTGATTGTGG
hsa,hsa-miR-5700,MIMAT0022493,Homo sapiens,22,UAAUGCAUUAAAUUAUUGAAGG,TAATGCATTAAATTATTGAAGG
hsa,hsa-miR-5701,MIMAT0022494,Homo sapiens,19,UUAUUGUCACGUUCUGAUU,TTATTGTCACGTTCTGATT
hsa,hsa-miR-5702,MIMAT0022495,Homo sapiens,22,UGAGUCAGCAACAUAUCCCAUG,TGAGTCAGCAACATATCCCATG
hsa,hsa-miR-5703,MIMAT0022496,Homo sapiens,18,AGGAGAAGUCGGGAAGGU,AGGAGAAGTCGGGAAGGT
hsa,hsa-miR-5692b,MIMAT0022497,Homo sapiens,20,AAUAAUAUCACAGUAGGUGU,AATAATATCACAGTAGGTGT
hsa,hsa-miR-5704,MIMAT0022498,Homo sapiens,22,UUAGGCCAUCAUCCCAUUAUGC,TTAGGCCATCATCCCATTATGC
hsa,hsa-miR-5705,MIMAT0022499,Homo sapiens,23,UGUUUCGGGGCUCAUGGCCUGUG,TGTTTCGGGGCTCATGGCCTGTG
hsa,hsa-miR-5706,MIMAT0022500,Homo sapiens,22,UUCUGGAUAACAUGCUGAAGCU,TTCTGGATAACATGCTGAAGCT
hsa,hsa-miR-5707,MIMAT0022501,Homo sapiens,22,ACGUUUGAAUGCUGUACAAGGC,ACGTTTGAATGCTGTACAAGGC
hsa,hsa-miR-5708,MIMAT0022502,Homo sapiens,20,AUGAGCGACUGUGCCUGACC,ATGAGCGACTGTGCCTGACC
hsa,hsa-miR-5739,MIMAT0023116,Homo sapiens,20,GCGGAGAGAGAAUGGGGAGC,GCGGAGAGAGAATGGGGAGC
hsa,hsa-miR-5787,MIMAT0023252,Homo sapiens,20,GGGCUGGGGCGCGGGGAGGU,GGGCTGGGGCGCGGGGAGGT
hsa,hsa-miR-6068,MIMAT0023693,Homo sapiens,21,CCUGCGAGUCUCCGGCGGUGG,CCTGCGAGTCTCCGGCGGTGG
hsa,hsa-miR-6069,MIMAT0023694,Homo sapiens,21,GGGCUAGGGCCUGCUGCCCCC,GGGCTAGGGCCTGCTGCCCCC
hsa,hsa-miR-6070,MIMAT0023695,Homo sapiens,19,CCGGUUCCAGUCCCUGGAG,CCGGTTCCAGTCCCTGGAG
hsa,hsa-miR-6071,MIMAT0023696,Homo sapiens,19,UUCUGCUGCCGGCCAAGGC,TTCTGCTGCCGGCCAAGGC
hsa,hsa-miR-6072,MIMAT0023697,Homo sapiens,22,UCCUCAUCACACUGCACCUUAG,TCCTCATCACACTGCACCTTAG
hsa,hsa-miR-6073,MIMAT0023698,Homo sapiens,20,GGUAGUGAGUUAUCAGCUAC,GGTAGTGAGTTATCAGCTAC
hsa,hsa-miR-6074,MIMAT0023699,Homo sapiens,20,GAUAUUCAGAGGCUAGGUGG,GATATTCAGAGGCTAGGTGG
hsa,hsa-miR-6075,MIMAT0023700,Homo sapiens,21,ACGGCCCAGGCGGCAUUGGUG,ACGGCCCAGGCGGCATTGGTG
hsa,hsa-miR-6076,MIMAT0023701,Homo sapiens,21,AGCAUGACAGAGGAGAGGUGG,AGCATGACAGAGGAGAGGTGG
hsa,hsa-miR-6077,MIMAT0023702,Homo sapiens,21,GGGAAGAGCUGUACGGCCUUC,GGGAAGAGCTGTACGGCCTTC
hsa,hsa-miR-6078,MIMAT0023703,Homo sapiens,19,CCGCCUGAGCUAGCUGUGG,CCGCCTGAGCTAGCTGTGG
hsa,hsa-miR-6079,MIMAT0023704,Homo sapiens,24,UUGGAAGCUUGGACCAACUAGCUG,TTGGAAGCTTGGACCAACTAGCTG
hsa,hsa-miR-6080,MIMAT0023705,Homo sapiens,19,UCUAGUGCGGGCGUUCCCG,TCTAGTGCGGGCGTTCCCG
hsa,hsa-miR-6081,MIMAT0023706,Homo sapiens,24,AGGAGCAGUGCCGGCCAAGGCGCC,AGGAGCAGTGCCGGCCAAGGCGCC
hsa,hsa-miR-6082,MIMAT0023707,Homo sapiens,19,GAAUACGUCUGGUUGAUCC,GAATACGTCTGGTTGATCC
hsa,hsa-miR-6083,MIMAT0023708,Homo sapiens,20,CUUAUAUCAGAGGCUGUGGG,CTTATATCAGAGGCTGTGGG
hsa,hsa-miR-6084,MIMAT0023709,Homo sapiens,20,UUCCGCCAGUCGGUGGCCGG,TTCCGCCAGTCGGTGGCCGG
hsa,hsa-miR-6085,MIMAT0023710,Homo sapiens,19,AAGGGGCUGGGGGAGCACA,AAGGGGCTGGGGGAGCACA
hsa,hsa-miR-6086,MIMAT0023711,Homo sapiens,20,GGAGGUUGGGAAGGGCAGAG,GGAGGTTGGGAAGGGCAGAG
hsa,hsa-miR-6088,MIMAT0023713,Homo sapiens,20,AGAGAUGAAGCGGGGGGGCG,AGAGATGAAGCGGGGGGGCG
hsa,hsa-miR-6089,MIMAT0023714,Homo sapiens,24,GGAGGCCGGGGUGGGGCGGGGCGG,GGAGGCCGGGGTGGGGCGGGGCGG
hsa,hsa-miR-6090,MIMAT0023715,Homo sapiens,19,GGGGAGCGAGGGGCGGGGC,GGGGAGCGAGGGGCGGGGC
hsa,hsa-miR-6124,MIMAT0024597,Homo sapiens,20,GGGAAAAGGAAGGGGGAGGA,GGGAAAAGGAAGGGGGAGGA
hsa,hsa-miR-6125,MIMAT0024598,Homo sapiens,20,GCGGAAGGCGGAGCGGCGGA,GCGGAAGGCGGAGCGGCGGA
hsa,hsa-miR-6126,MIMAT0024599,Homo sapiens,18,GUGAAGGCCCGGCGGAGA,GTGAAGGCCCGGCGGAGA
hsa,hsa-miR-6127,MIMAT0024610,Homo sapiens,19,UGAGGGAGUGGGUGGGAGG,TGAGGGAGTGGGTGGGAGG
hsa,hsa-miR-6128,MIMAT0024611,Homo sapiens,19,ACUGGAAUUGGAGUCAAAA,ACTGGAATTGGAGTCAAAA
hsa,hsa-miR-378j,MIMAT0024612,Homo sapiens,19,ACUGGAUUUGGAGCCAGAA,ACTGGATTTGGAGCCAGAA
hsa,hsa-miR-6129,MIMAT0024613,Homo sapiens,19,UGAGGGAGUUGGGUGUAUA,TGAGGGAGTTGGGTGTATA
hsa,hsa-miR-6130,MIMAT0024614,Homo sapiens,19,UGAGGGAGUGGAUUGUAUG,TGAGGGAGTGGATTGTATG
hsa,hsa-miR-6131,MIMAT0024615,Homo sapiens,19,GGCUGGUCAGAUGGGAGUG,GGCTGGTCAGATGGGAGTG
hsa,hsa-miR-6132,MIMAT0024616,Homo sapiens,19,AGCAGGGCUGGGGAUUGCA,AGCAGGGCTGGGGATTGCA
hsa,hsa-miR-6133,MIMAT0024617,Homo sapiens,19,UGAGGGAGGAGGUUGGGUA,TGAGGGAGGAGGTTGGGTA
hsa,hsa-miR-6134,MIMAT0024618,Homo sapiens,19,UGAGGUGGUAGGAUGUAGA,TGAGGTGGTAGGATGTAGA
hsa,hsa-miR-6165,MIMAT0024782,Homo sapiens,19,CAGCAGGAGGUGAGGGGAG,CAGCAGGAGGTGAGGGGAG
hsa,hsa-miR-6745,MIMAT0027391,Homo sapiens,21,UGGGUGGAAGAAGGUCUGGUU,TGGGTGGAAGAAGGTCTGGTT
hsa,hsa-miR-6844,MIMAT0027589,Homo sapiens,21,UUCUUUGUUUUUAAUUCACAG,TTCTTTGTTTTTAATTCACAG
hsa,hsa-miR-6860,MIMAT0027622,Homo sapiens,22,ACUGGGCAGGGCUGUGGUGAGU,ACTGGGCAGGGCTGTGGTGAGT
hsa,hsa-miR-6863,MIMAT0027627,Homo sapiens,23,UAGACGUGGUGAAGGAUUGAGUG,TAGACGTGGTGAAGGATTGAGTG
hsa,hsa-miR-7150,MIMAT0028211,Homo sapiens,18,CUGGCAGGGGGAGAGGUA,CTGGCAGGGGGAGAGGTA
hsa,hsa-miR-7515,MIMAT0029310,Homo sapiens,18,AGAAGGGAAGAUGGUGAC,AGAAGGGAAGATGGTGAC
hsa,hsa-miR-7702,MIMAT0030017,Homo sapiens,22,CUUAGACUGCCAGACUCCCUGA,CTTAGACTGCCAGACTCCCTGA
hsa,hsa-miR-7703,MIMAT0030018,Homo sapiens,23,UUGCACUCUGGCCUUCUCCCAGG,TTGCACTCTGGCCTTCTCCCAGG
hsa,hsa-miR-7704,MIMAT0030019,Homo sapiens,19,CGGGGUCGGCGGCGACGUG,CGGGGTCGGCGGCGACGTG
hsa,hsa-miR-7705,MIMAT0030020,Homo sapiens,23,AAUAGCUCAGAAUGUCAGUUCUG,AATAGCTCAGAATGTCAGTTCTG
hsa,hsa-miR-7706,MIMAT0030021,Homo sapiens,24,UGAAGCGCCUGUGCUCUGCCGAGA,TGAAGCGCCTGTGCTCTGCCGAGA
hsa,hsa-miR-548ba,MIMAT0031175,Homo sapiens,22,AAAGGUAACUGUGAUUUUUGCU,AAAGGTAACTGTGATTTTTGCT
hsa,hsa-miR-7973,MIMAT0031176,Homo sapiens,20,UGUGACCCUAGAAUAAUUAC,TGTGACCCTAGAATAATTAC
hsa,hsa-miR-7974,MIMAT0031177,Homo sapiens,24,AGGCUGUGAUGCUCUCCUGAGCCC,AGGCTGTGATGCTCTCCTGAGCCC
hsa,hsa-miR-7975,MIMAT0031178,Homo sapiens,18,AUCCUAGUCACGGCACCA,ATCCTAGTCACGGCACCA
hsa,hsa-miR-7976,MIMAT0031179,Homo sapiens,19,UGCCCUGAGACUUUUGCUC,TGCCCTGAGACTTTTGCTC
hsa,hsa-miR-7977,MIMAT0031180,Homo sapiens,18,UUCCCAGCCAACGCACCA,TTCCCAGCCAACGCACCA
hsa,hsa-miR-7978,MIMAT0031181,Homo sapiens,21,UCUGGUGUAUAGCGUUGCUCA,TCTGGTGTATAGCGTTGCTCA
hsa,hsa-miR-8052,MIMAT0030979,Homo sapiens,22,CGGGACUGUAGAGGGCAUGAGC,CGGGACTGTAGAGGGCATGAGC
hsa,hsa-miR-8053,MIMAT0030980,Homo sapiens,24,UGGCGAUUUUGGAACUCAAUGGCA,TGGCGATTTTGGAACTCAATGGCA
hsa,hsa-miR-8054,MIMAT0030981,Homo sapiens,21,GAAAGUACAGAUCGGAUGGGU,GAAAGTACAGATCGGATGGGT
hsa,hsa-miR-8055,MIMAT0030982,Homo sapiens,23,CUUUGAGCACAUGAGCAGACGGA,CTTTGAGCACATGAGCAGACGGA
hsa,hsa-miR-8056,MIMAT0030983,Homo sapiens,20,CGUGGAUUGUCUGGAUGCAU,CGTGGATTGTCTGGATGCAT
hsa,hsa-miR-8057,MIMAT0030984,Homo sapiens,21,GUGGCUCUGUAGUAAGAUGGA,GTGGCTCTGTAGTAAGATGGA
hsa,hsa-miR-8058,MIMAT0030985,Homo sapiens,22,CUGGACUUUGAUCUUGCCAUAA,CTGGACTTTGATCTTGCCATAA
hsa,hsa-miR-8059,MIMAT0030986,Homo sapiens,22,GGGGAACUGUAGAUGAAAAGGC,GGGGAACTGTAGATGAAAAGGC
hsa,hsa-miR-8060,MIMAT0030987,Homo sapiens,24,CCAUGAAGCAGUGGGUAGGAGGAC,CCATGAAGCAGTGGGTAGGAGGAC
hsa,hsa-miR-8061,MIMAT0030988,Homo sapiens,21,CUUAGAUUAGAGGAUAUUGUU,CTTAGATTAGAGGATATTGTT
hsa,hsa-miR-8062,MIMAT0030989,Homo sapiens,21,CAGUGAUUUGAGGAUUAUUGC,CAGTGATTTGAGGATTATTGC
hsa,hsa-miR-8063,MIMAT0030990,Homo sapiens,22,UCAAAAUCAGGAGUCGGGGCUU,TCAAAATCAGGAGTCGGGGCTT
hsa,hsa-miR-8064,MIMAT0030991,Homo sapiens,20,AGCACACUGAGCGAGCGGAC,AGCACACTGAGCGAGCGGAC
hsa,hsa-miR-8065,MIMAT0030992,Homo sapiens,24,UGUAGGAACAGUUGAAUUUUGGCU,TGTAGGAACAGTTGAATTTTGGCT
hsa,hsa-miR-8066,MIMAT0030993,Homo sapiens,21,CAAUGUGAUCUUUUGGAUGUA,CAATGTGATCTTTTGGATGTA
hsa,hsa-miR-8067,MIMAT0030994,Homo sapiens,22,CCUAGAAACUGUAAACUUAGUC,CCTAGAAACTGTAAACTTAGTC
hsa,hsa-miR-8068,MIMAT0030995,Homo sapiens,22,UGUUUGUUGUAAGGAUCGUUGU,TGTTTGTTGTAAGGATCGTTGT
hsa,hsa-miR-8069,MIMAT0030996,Homo sapiens,23,GGAUGGUUGGGGGCGGUCGGCGU,GGATGGTTGGGGGCGGTCGGCGT
hsa,hsa-miR-8070,MIMAT0030997,Homo sapiens,22,AUGUGAUUGACGGCUGACUCCA,ATGTGATTGACGGCTGACTCCA
hsa,hsa-miR-8071,MIMAT0030998,Homo sapiens,20,CGGUGGACUGGAGUGGGUGG,CGGTGGACTGGAGTGGGTGG
hsa,hsa-miR-8072,MIMAT0030999,Homo sapiens,20,GGCGGCGGGGAGGUAGGCAG,GGCGGCGGGGAGGTAGGCAG
hsa,hsa-miR-8073,MIMAT0031000,Homo sapiens,22,ACCUGGCAGCAGGGAGCGUCGU,ACCTGGCAGCAGGGAGCGTCGT
hsa,hsa-miR-8074,MIMAT0031001,Homo sapiens,24,CUAUGGCGAGACUGGCAUGUACUC,CTATGGCGAGACTGGCATGTACTC
hsa,hsa-miR-8075,MIMAT0031002,Homo sapiens,24,UGCUGAUGGCAGAUGUCGGGUCUG,TGCTGATGGCAGATGTCGGGTCTG
hsa,hsa-miR-8076,MIMAT0031003,Homo sapiens,24,UAUAUGGACUUUUCUGAUACAAUG,TATATGGACTTTTCTGATACAATG
hsa,hsa-miR-8077,MIMAT0031004,Homo sapiens,22,GGCUGAGUGGGGUUCUGACUCC,GGCTGAGTGGGGTTCTGACTCC
hsa,hsa-miR-8078,MIMAT0031005,Homo sapiens,23,GGUCUAGGCCCGGUGAGAGACUC,GGTCTAGGCCCGGTGAGAGACTC
hsa,hsa-miR-8079,MIMAT0031006,Homo sapiens,20,CAGUGAUCGUCUCUGCUGGC,CAGTGATCGTCTCTGCTGGC
hsa,hsa-miR-8080,MIMAT0031007,Homo sapiens,23,GAAGGACACUGGUGUCAACGGCU,GAAGGACACTGGTGTCAACGGCT
hsa,hsa-miR-8081,MIMAT0031008,Homo sapiens,23,CUUGAGUCGUGCCUUUCUGAAUG,CTTGAGTCGTGCCTTTCTGAATG
hsa,hsa-miR-8082,MIMAT0031009,Homo sapiens,22,UGAUGGAGCUGGGAAUACUCUG,TGATGGAGCTGGGAATACTCTG
hsa,hsa-miR-8083,MIMAT0031010,Homo sapiens,21,CAGGACUUGACGGCUGCAACU,CAGGACTTGACGGCTGCAACT
hsa,hsa-miR-8084,MIMAT0031011,Homo sapiens,23,GAAUACUAAGUAAAAAAUCAGUA,GAATACTAAGTAAAAAATCAGTA
hsa,hsa-miR-8085,MIMAT0031012,Homo sapiens,21,UGGGAGAGAGGACUGUGAGGC,TGGGAGAGAGGACTGTGAGGC
hsa,hsa-miR-8086,MIMAT0031013,Homo sapiens,22,UGCUAGUCUGGACUGAUAUGGU,TGCTAGTCTGGACTGATATGGT
hsa,hsa-miR-8087,MIMAT0031014,Homo sapiens,23,GAAGACUUCUUGGAUUACAGGGG,GAAGACTTCTTGGATTACAGGGG
hsa,hsa-miR-8088,MIMAT0031015,Homo sapiens,21,CCUCGGUACUGGAAAGGGGUA,CCTCGGTACTGGAAAGGGGTA
hsa,hsa-miR-8089,MIMAT0031016,Homo sapiens,24,CCUGGGGACAGGGGAUUGGGGCAG,CCTGGGGACAGGGGATTGGGGCAG
hsa,hsa-miR-8485,MIMAT0033692,Homo sapiens,21,CACACACACACACACACGUAU,CACACACACACACACACGTAT
hsa,hsa-miR-9500,MIMAT0035542,Homo sapiens,19,AAGGGAAGAUGGUGACCAC,AAGGGAAGATGGTGACCAC
hsa,hsa-miR-9718,MIMAT0039310,Homo sapiens,20,UUGCUGACCUGGGUGGUGGU,TTGCTGACCTGGGTGGTGGT
hsa,hsa-miR-9898,MIMAT0039318,Homo sapiens,22,UACUUACCUGUCCCCUACCCCA,TACTTACCTGTCCCCTACCCCA
hsa,hsa-miR-9899,MIMAT0039319,Homo sapiens,22,CGGGCGCCGCGCUCCCGCCCGC,CGGGCGCCGCGCTCCCGCCCGC
hsa,hsa-miR-9900,MIMAT0039320,Homo sapiens,21,ACAGGUCCUAAGAGACUGCAU,ACAGGTCCTAAGAGACTGCAT
hsa,hsa-miR-9901,MIMAT0039321,Homo sapiens,21,CGGUCGCCGCGGUUCGCCGCC,CGGTCGCCGCGGTTCGCCGCC
hsa,hsa-miR-9902,MIMAT0039322,Homo sapiens,22,CCCAGAAAUCUGGUAUGCCAGC,CCCAGAAATCTGGTATGCCAGC
hsa,hsa-miR-9903,MIMAT0039323,Homo sapiens,22,UUAUCCUCCAGUAGACUAGGGA,TTATCCTCCAGTAGACTAGGGA
hsa,hsa-miR-9985,MIMAT0039763,Homo sapiens,19,UUCACAGUGGCUAAGCUAU,TTCACAGTGGCTAAGCTAT
hsa,hsa-miR-1843,MIMAT0039764,Homo sapiens,20,UAUGGAGGUCUCUGUCUGGC,TATGGAGGTCTCTGTCTGGC
hsa,hsa-miR-548bc,MIMAT0039765,Homo sapiens,21,AAAAACUGUGAUUACUUUUGC,AAAAACTGTGATTACTTTTGC
hsa,hsa-miR-9986,MIMAT0039766,Homo sapiens,20,UGUGAGGUUGUCAUGCCUGC,TGTGAGGTTGTCATGCCTGC
hsa,hsa-miR-10226,MIMAT0041128,Homo sapiens,22,CCAUGUGUCUGGGCUGGGAAAC,CCATGTGTCTGGGCTGGGAAAC
hsa,hsa-miR-11399,MIMAT0044656,Homo sapiens,22,UUCAGGUCUGGGGCUGAAACCU,TTCAGGTCTGGGGCTGAAACCT
hsa,hsa-miR-11400,MIMAT0044657,Homo sapiens,21,UCGGCUGUGUAUCUCUGUGUC,TCGGCTGTGTATCTCTGTGTC
hsa,hsa-miR-11401,MIMAT0044658,Homo sapiens,20,UCACGUCUGCGGCUGUCACG,TCACGTCTGCGGCTGTCACG
hsa,hsa-miR-12113,MIMAT0049007,Homo sapiens,22,UCUGAACUCUAUGUGGGAUUAG,TCTGAACTCTATGTGGGATTAG
hsa,hsa-miR-12114,MIMAT0049008,Homo sapiens,19,CAGGUGGAGGUGUGAGGUC,CAGGTGGAGGTGTGAGGTC
hsa,hsa-miR-12115,MIMAT0049009,Homo sapiens,24,UAGUGGAGCUGGGAGGCAGCUCGG,TAGTGGAGCTGGGAGGCAGCTCGG
hsa,hsa-miR-12116,MIMAT0049010,Homo sapiens,22,UUAGGCUUCCCCCUCCUCCUGC,TTAGGCTTCCCCCTCCTCCTGC
hsa,hsa-miR-12117,MIMAT0049011,Homo sapiens,20,GAAGUGGAGCACAUCAGUGA,GAAGTGGAGCACATCAGTGA
hsa,hsa-miR-12118,MIMAT0049012,Homo sapiens,20,CAAGGAGGAGCGGGGAUUAG,CAAGGAGGAGCGGGGATTAG
hsa,hsa-miR-12119,MIMAT0049013,Homo sapiens,25,UUCUGAGGGGACGGUAGAUUUGGGG,TTCTGAGGGGACGGTAGATTTGGGG
hsa,hsa-miR-12120,MIMAT0049014,Homo sapiens,26,UAAGGAACGCGGGGCCUUGGUAGAGC,TAAGGAACGCGGGGCCTTGGTAGAGC
hsa,hsa-miR-12121,MIMAT0049015,Homo sapiens,21,CUGCCACGAGCGUGCGGGCCU,CTGCCACGAGCGTGCGGGCCT
hsa,hsa-miR-12122,MIMAT0049016,Homo sapiens,25,UGUCACAGAUGGCCGGAAGAGACUC,TGTCACAGATGGCCGGAAGAGACTC
hsa,hsa-miR-12123,MIMAT0049017,Homo sapiens,22,UUAUUCAUUCACAAAAGCUUUA,TTATTCATTCACAAAAGCTTTA
hsa,hsa-miR-12124,MIMAT0049018,Homo sapiens,20,GAGGAAAUGCAGAUGCUGGA,GAGGAAATGCAGATGCTGGA
hsa,hsa-miR-12125,MIMAT0049019,Homo sapiens,22,UCUCUCACCUGGCAUAAGCAAU,TCTCTCACCTGGCATAAGCAAT
hsa,hsa-miR-12126,MIMAT0049020,Homo sapiens,24,GACUUGGGGACCAGACCUUUUCUU,GACTTGGGGACCAGACCTTTTCTT
hsa,hsa-miR-12127,MIMAT0049021,Homo sapiens,25,UAGAGGUUCUAAUGGUCCAGGGUUA,TAGAGGTTCTAATGGTCCAGGGTTA
hsa,hsa-miR-12128,MIMAT0049022,Homo sapiens,26,UUCAGGGAUGGCGCAUGAAGAGGAGA,TTCAGGGATGGCGCATGAAGAGGAGA
hsa,hsa-miR-12129,MIMAT0049023,Homo sapiens,22,GAUGUACUGAACUGGGUCAGAC,GATGTACTGAACTGGGTCAGAC
hsa,hsa-miR-12130,MIMAT0049024,Homo sapiens,19,CGGGUUGUACCUUUUUUGC,CGGGTTGTACCTTTTTTGC
hsa,hsa-miR-12131,MIMAT0049025,Homo sapiens,20,UUUGGAGAGGUGUACUCCCA,TTTGGAGAGGTGTACTCCCA
hsa,hsa-miR-12132,MIMAT0049026,Homo sapiens,22,UAUUACUGUGAGAAUUAUGAUG,TATTACTGTGAGAATTATGATG
hsa,hsa-miR-12133,MIMAT0049027,Homo sapiens,22,CUUGGCACCAUUAAAAAGUACA,CTTGGCACCATTAAAAAGTACA
hsa,hsa-miR-12135,MIMAT0049031,Homo sapiens,18,UAAAGGUUUGUUUGUAAA,TAAAGGTTTGTTTGTAAA
hsa,hsa-miR-12136,MIMAT0049032,Homo sapiens,18,GAAAAAGUCAUGGAGGCC,GAAAAAGTCATGGAGGCC
